"FileId","Vendor","Software Name","Version","Category","SolutionType","Corresponding upgrade source version","Cves","Description","PatchUrl"
"0b8d2e0548254ac0b1debb65d84470fa","Intel Corporation","Intel(R) Iris(R) Xe Graphics","31.0.101.5762","Hardware","File",,,"","https://www.intel.com.tw/content/www/tw/zh/download/785597/intel-arc-iris-xe-graphics-windows.html"
"01480edc7c8d4797af03ed149f8309fb","Microsoft Corporation","Microsoft .NET Runtime - 8.0.6 (x64)","8.0.26","Software","File","Name:Microsoft .NET Runtime - 8.0.6 (x64),Version:8.0.6.33717;Name:Microsoft .NET Runtime - 8.0.6 (x64),Version:64.24.15199","CVE-2024-30105,CVE-2024-35264,CVE-2024-38095,CVE-2024-38167,CVE-2024-38168,CVE-2024-38229,CVE-2024-43483,CVE-2024-43484,CVE-2024-43485,CVE-2025-26646,CVE-2025-30399,CVE-2025-55248,CVE-2026-21218,CVE-2026-25667","","https://dotnet.microsoft.com/zh-tw/download/dotnet/thank-you/runtime-8.0.26-windows-x64-installer"
"07af4a325b2343a482294a30586c65ef","Microsoft Corporation","Microsoft HTML Help Workshop Package","","Software","Solution",,"CVE-2006-0564","",""
"0f4ce0a88d5e44fda39e71be92c1e868","VMware, Inc.","VMware Workstation","17.6.3","Software","File",,"CVE-2025-22224,CVE-2025-22226","","https://support.broadcom.com/group/ecx/productfiles?subFamily=VMware%20Workstation%20Pro&displayGroup=VMware%20Workstation%20Pro%2017.0%20for%20Windows&release=17.6.3&os=&servicePk=&language=EN&freeDownloads=true"
"0fdb3520ee734ad5a0c0d73db987cf7e","Intel(R) Corporation","Intel(R) Chipset Device Software","","Software","Solution",,"CVE-2019-0128,CVE-2023-25174,CVE-2023-28388,CVE-2023-28739,CVE-2024-21814","",""
"156783ade7944816b6caaf550d81c7c0","The Git Development Community","Git","2.51.1","Software","File",,"CVE-2022-23521,CVE-2022-24765,CVE-2022-24975,CVE-2022-29187,CVE-2022-39253,CVE-2022-39260,CVE-2022-41903,CVE-2022-41953,CVE-2023-22490,CVE-2023-23946,CVE-2023-25652,CVE-2023-29007,CVE-2025-48384","","https://github.com/git-for-windows/git/releases/download/v2.51.1.windows.1/Git-2.51.1-64-bit.exe"
"17828b3e42b2447896aebfd980252842","Microsoft Corporation","Microsoft .NET Runtime - 9.0.7 (x64)","9.0.15","Software","File","Name:Microsoft .NET Runtime - 9.0.7 (x64),Version:72.28.35968","CVE-2025-55248,CVE-2026-21218,CVE-2026-25667,CVE-2026-26127","","https://dotnet.microsoft.com/en-us/download/dotnet/thank-you/runtime-9.0.15-windows-x64-installer"
"2c9bccc6147a47bea2be5a86680f907f","McAfee, LLC","WebAdvisor 由 McAfee 提供","","Software","Solution",,"CVE-2022-0815","",""
"3f6dc49d069a4ebb8eea66f4e972a3b1","Microsoft Corporation","Microsoft Edge","","Software","Solution","Name:Microsoft Edge,Version:142.0.3595.94;Name:Microsoft Edge,Version:119.0.2151.72;Name:Microsoft Edge,Version:122.0.2365.106;Name:Microsoft Edge,Version:138.0.3351.95;Name:Microsoft Edge,Version:114.0.1823.37;Name:Microsoft Edge,Version:126.0.2592.102;Name:Microsoft Edge,Version:143.0.3650.139;Name:Microsoft Edge,Version:143.0.3650.75;Name:Microsoft Edge,Version:136.0.3240.92;Name:Microsoft Edge,Version:141.0.3537.71;Name:Microsoft Edge,Version:116.0.1938.76;Name:Microsoft Edge,Version:116.0.1938.36;Name:Microsoft Edge,Version:142.0.3595.53;Name:Microsoft Edge,Version:129.0.2792.52;Name:Microsoft Edge,Version:117.0.2045.40;Name:Microsoft Edge,Version:126.0.2592.87;Name:Microsoft Edge,Version:131.0.2903.146;Name:Microsoft Edge,Version:144.0.3719.92;Name:Microsoft Edge,Version:132.0.2957.93;Name:Microsoft Edge,Version:121.0.2256.2;Name:Microsoft Edge,Version:136.0.3240.64;Name:Microsoft Edge Beta,Version:116.0.1938.36;Name:Microsoft Edge,Version:142.0.3595.80;Name:Microsoft Edge,Version:140.0.3485.54;Name:Microsoft Edge,Version:144.0.3719.104;Name:Microsoft Edge,Version:115.0.1901.188;Name:Microsoft Edge,Version:118.0.2088.46;Name:Microsoft Edge,Version:90.0.818.66;Name:Microsoft Edge,Version:139.0.3405.125;Name:Microsoft Edge,Version:117.0.2045.60;Name:Microsoft Edge,Version:136.0.3240.50;Name:Microsoft Edge,Version:135.0.3179.98;Name:Microsoft Edge,Version:104.0.1293.54;Name:Microsoft Edge,Version:138.0.3351.121;Name:Microsoft Edge,Version:137.0.3296.83;Name:Microsoft Edge,Version:135.0.3179.66;Name:Microsoft Edge,Version:139.0.3405.102;Name:Microsoft Edge,Version:144.0.3719.82;Name:Microsoft Edge,Version:100.0.1185.36;Name:Microsoft Edge,Version:124.0.2478.39;Name:Microsoft Edge,Version:140.0.3485.81;Name:Microsoft Edge,Version:139.0.3405.86;Name:Microsoft Edge,Version:121.0.2277.4;Name:Microsoft Edge,Version:114.0.1823.79;Name:Microsoft Edge,Version:134.0.3124.51;Name:Microsoft Edge,Version:137.0.3296.68;Name:Microsoft Edge,Version:92.0.902.67;Name:Microsoft Edge,Version:141.0.3537.99;Name:Microsoft Edge,Version:138.0.3351.65;Name:Microsoft Edge,Version:120.0.2210.7;Name:Microsoft Edge,Version:126.0.2592.61;Name:Microsoft Edge,Version:120.0.2210.133;Name:Microsoft Edge,Version:129.0.2792.79;Name:Microsoft Edge,Version:115.0.1901.183;Name:Microsoft Edge,Version:135.0.3179.85;Name:Microsoft Edge,Version:143.0.3650.80;Name:Microsoft Edge,Version:144.0.3719.115;Name:Microsoft Edge,Version:143.0.3650.96;Name:Microsoft Edge,Version:130.0.2849.56;Name:Microsoft Edge,Version:137.0.3296.93;Name:Microsoft Edge,Version:142.0.3595.90;Name:Microsoft Edge,Version:118.0.2088.76;Name:Microsoft Edge,Version:114.0.1823.82;Name:Microsoft Edge,Version:114.0.1823.67;Name:Microsoft Edge,Version:121.0.2220.3","CVE-2024-29049,CVE-2024-29981,CVE-2024-29987,CVE-2024-29991,CVE-2024-30055,CVE-2024-30056,CVE-2024-30058,CVE-2024-38207,CVE-2024-38209,CVE-2024-38210,CVE-2024-38218,CVE-2024-38219,CVE-2024-38221,CVE-2024-43472,CVE-2024-43489,CVE-2024-43496,CVE-2024-43566,CVE-2024-43577,CVE-2024-43578,CVE-2024-43579,CVE-2024-43580,CVE-2024-43587,CVE-2024-43595,CVE-2024-43596,CVE-2024-49023,CVE-2024-49025,CVE-2024-49041,CVE-2024-49054,CVE-2024-7965,CVE-2024-7971,CVE-2025-14174,CVE-2025-21185,CVE-2025-21262,CVE-2025-21267,CVE-2025-21279,CVE-2025-21283,CVE-2025-21342,CVE-2025-21401,CVE-2025-21404,CVE-2025-21408,CVE-2025-25000,CVE-2025-26643,CVE-2025-29806,CVE-2025-29815,CVE-2025-29825,CVE-2025-29834,CVE-2025-47182,CVE-2025-47963,CVE-2025-47964,CVE-2025-49713,CVE-2025-49741,CVE-2025-53791,CVE-2025-5419,CVE-2025-59251,CVE-2025-60711,CVE-2025-62223,CVE-2026-0102,CVE-2026-21223,CVE-2026-33118","",""
"4937fa15181a47a79c4b3a1d184dd7ad","Microsoft Corporation","Microsoft Edge","","Software","Solution","Name:Microsoft Edge,Version:147.0.3912.98;Name:Microsoft Edge,Version:145.0.3800.82;Name:Microsoft Edge,Version:148.0.3967.54;Name:Microsoft Edge,Version:147.0.3912.72;Name:Microsoft Edge,Version:146.0.3856.109;Name:Microsoft Edge,Version:146.0.3856.62;Name:Microsoft Edge,Version:131.0.2903.86;Name:Microsoft Edge,Version:146.0.3856.84;Name:Microsoft Edge,Version:133.0.3065.82;Name:Microsoft Edge,Version:147.0.3912.86;Name:Microsoft Edge,Version:131.0.2903.112;Name:Microsoft Edge,Version:147.0.3912.60;Name:Microsoft Edge,Version:145.0.3800.97;Name:Microsoft Edge,Version:145.0.3800.70;Name:Microsoft Edge,Version:127.0.2651.98;Name:Microsoft Edge,Version:131.0.2903.70;Name:Microsoft Edge,Version:133.0.3065.69;Name:Microsoft Edge,Version:133.0.3065.59;Name:Microsoft Edge,Version:128.0.2739.67;Name:Microsoft Edge,Version:146.0.3856.72;Name:Microsoft Edge,Version:146.0.3856.97","CVE-2024-38207,CVE-2024-38209,CVE-2024-38210,CVE-2024-38221,CVE-2024-43472,CVE-2024-43489,CVE-2024-43496,CVE-2024-43566,CVE-2024-43577,CVE-2024-43578,CVE-2024-43579,CVE-2024-43580,CVE-2024-43587,CVE-2024-43595,CVE-2024-43596,CVE-2024-49023,CVE-2024-49025,CVE-2024-49041,CVE-2024-49054,CVE-2024-7965,CVE-2025-14174,CVE-2025-21185,CVE-2025-21262,CVE-2025-21267,CVE-2025-21279,CVE-2025-21283,CVE-2025-21342,CVE-2025-21401,CVE-2025-21404,CVE-2025-21408,CVE-2025-25000,CVE-2025-26643,CVE-2025-29806,CVE-2025-29815,CVE-2025-29825,CVE-2025-29834,CVE-2025-47182,CVE-2025-47963,CVE-2025-47964,CVE-2025-49713,CVE-2025-49741,CVE-2025-53791,CVE-2025-5419,CVE-2025-59251,CVE-2025-60711,CVE-2025-62223,CVE-2026-0102,CVE-2026-21223,CVE-2026-33118,CVE-2026-40416,CVE-2026-41107,CVE-2026-42838,CVE-2026-45492,CVE-2026-45494,CVE-2026-45495","",""
"4b0e57e806db433bb8710a16059e6280","McAfee, LLC","WebAdvisor 由 McAfee 提供","","Software","Solution",,"CVE-2022-0815","",""
"4e4b0aff26684e4cb58754ef74cf0126","Intel Corporation","Intel(R) Chipset Device Software","","Software","Solution",,"CVE-2019-0128,CVE-2023-25174,CVE-2023-28388,CVE-2023-28739,CVE-2024-21814","",""
"55adc2f52c51456fbcffdb2ac858d81d","Google LLC","Google Chrome","","Software","Solution","Name:Google Chrome,Version:101.0.4951.54;Name:Google Chrome,Version:114.0.5735.199;Name:Google Chrome,Version:107.0.5304.88;Name:Google Chrome,Version:132.0.6834.160;Name:Google Chrome,Version:131.0.6778.86;Name:Google Chrome,Version:133.0.6943.127;Name:Google Chrome,Version:133.0.6943.99;Name:Google Chrome,Version:136.0.7103.114;Name:Google Chrome,Version:143.0.7499.170;Name:Google Chrome,Version:142.0.7444.135;Name:Google Chrome,Version:115.0.5790.110;Name:Google Chrome,Version:144.0.7559.59;Name:Google Chrome,Version:134.0.6998.89;Name:Google Chrome,Version:142.0.7444.176;Name:Google Chrome,Version:132.0.6834.197;Name:Google Chrome,Version:137.0.7151.104;Name:Google Chrome,Version:124.0.6367.63;Name:Google Chrome,Version:136.0.7103.93;Name:Google Chrome,Version:140.0.7339.81;Name:Google Chrome,Version:106.0.5249.62;Name:Google Chrome,Version:108.0.5359.125;Name:Google Chrome,Version:140.0.7339.129;Name:Google Chrome,Version:138.0.7204.184;Name:Google Chrome,Version:145.0.7632.68;Name:Google Chrome,Version:144.0.7559.110;Name:Google Chrome,Version:136.0.7103.116;Name:Google Chrome,Version:145.0.7632.110;Name:Google Chrome,Version:118.0.5993.70;Name:Google Chrome,Version:144.0.7559.133;Name:Google Chrome,Version:119.0.6045.160;Name:Google Chrome,Version:141.0.7390.123;Name:Google Chrome,Version:139.0.7258.128;Name:Google Chrome,Version:114.0.5735.248;Name:Google Chrome,Version:141.0.7390.107;Name:Google Chrome,Version:110.0.5481.178;Name:Google Chrome,Version:145.0.7632.160;Name:Google Chrome,Version:144.0.7559.132;Name:Google Chrome,Version:115.0.5790.171;Name:Google Chrome,Version:145.0.7632.117;Name:Google Chrome,Version:143.0.7499.110;Name:Google Chrome,Version:143.0.7499.193;Name:Google Chrome,Version:118.0.5993.89;Name:Google Chrome,Version:115.0.5790.170;Name:Google Chrome,Version:131.0.6778.109;Name:Google Chrome,Version:80.0.3987.122;Name:Google Chrome,Version:137.0.7151.69;Name:Google Chrome,Version:145.0.7632.45;Name:Google Chrome,Version:140.0.7339.208;Name:Google Chrome,Version:129.0.6668.60;Name:Google Chrome,Version:145.0.7632.77;Name:Google Chrome,Version:139.0.7258.155;Name:Google Chrome,Version:133.0.6943.98;Name:Google Chrome,Version:136.0.7103.92;Name:Google Chrome,Version:137.0.7151.103;Name:Google Chrome,Version:135.0.7049.96;Name:Google Chrome,Version:144.0.7559.97;Name:Google Chrome,Version:103.0.5060.33;Name:Google Chrome,Version:114.0.5735.134;Name:Google Chrome,Version:145.0.7632.118;Name:Google Chrome,Version:144.0.7559.60;Name:Google Chrome,Version:109.0.5414.75;Name:Google Chrome,Version:132.0.6834.110;Name:Google Chrome,Version:103.0.5060.53;Name:Google Chrome,Version:104.0.5112.101;Name:Google Chrome,Version:131.0.6778.266;Name:Google Chrome,Version:111.0.5563.147;Name:Google Chrome,Version:138.0.7204.97;Name:Google Chrome,Version:145.0.7632.76;Name:Google Chrome,Version:134.0.6998.36;Name:Google Chrome,Version:135.0.7049.115;Name:Google Chrome,Version:115.0.5790.102;Name:Google Chrome,Version:92.0.4515.131;Name:Google Chrome,Version:142.0.7444.177;Name:Google Chrome,Version:144.0.7559.112;Name:Google Chrome,Version:115.0.5790.111;Name:Google Chrome,Version:145.0.7632.111;Name:Google Chrome,Version:143.0.7499.41","CVE-2019-8075,CVE-2020-15959,CVE-2020-15960,CVE-2020-15961,CVE-2020-15962,CVE-2020-15963,CVE-2020-15964,CVE-2020-15965,CVE-2020-15966,CVE-2020-15967,CVE-2020-15968,CVE-2020-15969,CVE-2020-15970,CVE-2020-15971,CVE-2020-15972,CVE-2020-15973,CVE-2020-15974,CVE-2020-15975,CVE-2020-15979,CVE-2020-15981,CVE-2020-15982,CVE-2020-15983,CVE-2020-15985,CVE-2020-15986,CVE-2020-15987,CVE-2020-15988,CVE-2020-15989,CVE-2020-15990,CVE-2020-15991,CVE-2020-15992,CVE-2020-15999,CVE-2020-16000,CVE-2020-16001,CVE-2020-16002,CVE-2020-16003,CVE-2020-16004,CVE-2020-16005,CVE-2020-16006,CVE-2020-16007,CVE-2020-16008,CVE-2020-16009,CVE-2020-16011,CVE-2020-16012,CVE-2020-16013,CVE-2020-16014,CVE-2020-16015,CVE-2020-16016,CVE-2020-16017,CVE-2020-16018,CVE-2020-16022,CVE-2020-16023,CVE-2020-16025,CVE-2020-16026,CVE-2020-16027,CVE-2020-16028,CVE-2020-16029,CVE-2020-16030,CVE-2020-16031,CVE-2020-16032,CVE-2020-16033,CVE-2020-16034,CVE-2020-16036,CVE-2020-16037,CVE-2020-16039,CVE-2020-16040,CVE-2020-16041,CVE-2020-16042,CVE-2020-16043,CVE-2020-16044,CVE-2020-36765,CVE-2020-6419,CVE-2020-6420,CVE-2020-6422,CVE-2020-6423,CVE-2020-6424,CVE-2020-6425,CVE-2020-6426,CVE-2020-6427,CVE-2020-6428,CVE-2020-6429,CVE-2020-6430,CVE-2020-6431,CVE-2020-6432,CVE-2020-6433,CVE-2020-6434,CVE-2020-6435,CVE-2020-6436,CVE-2020-6437,CVE-2020-6438,CVE-2020-6439,CVE-2020-6440,CVE-2020-6441,CVE-2020-6442,CVE-2020-6443,CVE-2020-6444,CVE-2020-6445,CVE-2020-6446,CVE-2020-6447,CVE-2020-6448,CVE-2020-6449,CVE-2020-6450,CVE-2020-6451,CVE-2020-6452,CVE-2020-6453,CVE-2020-6454,CVE-2020-6455,CVE-2020-6456,CVE-2020-6457,CVE-2020-6458,CVE-2020-6459,CVE-2020-6460,CVE-2020-6461,CVE-2020-6462,CVE-2020-6463,CVE-2020-6464,CVE-2020-6465,CVE-2020-6466,CVE-2020-6467,CVE-2020-6468,CVE-2020-6469,CVE-2020-6470,CVE-2020-6471,CVE-2020-6472,CVE-2020-6473,CVE-2020-6474,CVE-2020-6475,CVE-2020-6476,CVE-2020-6478,CVE-2020-6479,CVE-2020-6480,CVE-2020-6481,CVE-2020-6482,CVE-2020-6483,CVE-2020-6484,CVE-2020-6486,CVE-2020-6487,CVE-2020-6488,CVE-2020-6489,CVE-2020-6490,CVE-2020-6491,CVE-2020-6492,CVE-2020-6493,CVE-2020-6495,CVE-2020-6505,CVE-2020-6507,CVE-2020-6509,CVE-2020-6510,CVE-2020-6511,CVE-2020-6512,CVE-2020-6513,CVE-2020-6514,CVE-2020-6515,CVE-2020-6516,CVE-2020-6517,CVE-2020-6518,CVE-2020-6519,CVE-2020-6520,CVE-2020-6521,CVE-2020-6522,CVE-2020-6523,CVE-2020-6524,CVE-2020-6525,CVE-2020-6526,CVE-2020-6527,CVE-2020-6529,CVE-2020-6530,CVE-2020-6531,CVE-2020-6532,CVE-2020-6533,CVE-2020-6534,CVE-2020-6535,CVE-2020-6536,CVE-2020-6537,CVE-2020-6538,CVE-2020-6539,CVE-2020-6540,CVE-2020-6541,CVE-2020-6542,CVE-2020-6543,CVE-2020-6544,CVE-2020-6545,CVE-2020-6546,CVE-2020-6547,CVE-2020-6548,CVE-2020-6549,CVE-2020-6550,CVE-2020-6551,CVE-2020-6552,CVE-2020-6554,CVE-2020-6555,CVE-2020-6556,CVE-2020-6557,CVE-2020-6559,CVE-2020-6560,CVE-2020-6561,CVE-2020-6562,CVE-2020-6564,CVE-2020-6566,CVE-2020-6567,CVE-2020-6569,CVE-2020-6570,CVE-2020-6571,CVE-2020-6572,CVE-2020-6573,CVE-2020-6575,CVE-2020-6576,CVE-2021-21106,CVE-2021-21108,CVE-2021-21109,CVE-2021-21110,CVE-2021-21111,CVE-2021-21112,CVE-2021-21113,CVE-2021-21114,CVE-2021-21115,CVE-2021-21116,CVE-2021-21117,CVE-2021-21118,CVE-2021-21119,CVE-2021-21120,CVE-2021-21121,CVE-2021-21122,CVE-2021-21123,CVE-2021-21124,CVE-2021-21125,CVE-2021-21126,CVE-2021-21127,CVE-2021-21128,CVE-2021-21129,CVE-2021-21130,CVE-2021-21131,CVE-2021-21132,CVE-2021-21133,CVE-2021-21135,CVE-2021-21137,CVE-2021-21138,CVE-2021-21139,CVE-2021-21140,CVE-2021-21141,CVE-2021-21143,CVE-2021-21144,CVE-2021-21145,CVE-2021-21146,CVE-2021-21147,CVE-2021-21148,CVE-2021-21150,CVE-2021-21151,CVE-2021-21154,CVE-2021-21155,CVE-2021-21156,CVE-2021-21159,CVE-2021-21160,CVE-2021-21161,CVE-2021-21162,CVE-2021-21165,CVE-2021-21166,CVE-2021-21167,CVE-2021-21168,CVE-2021-21169,CVE-2021-21170,CVE-2021-21172,CVE-2021-21173,CVE-2021-21174,CVE-2021-21175,CVE-2021-21176,CVE-2021-21177,CVE-2021-21178,CVE-2021-21180,CVE-2021-21181,CVE-2021-21182,CVE-2021-21183,CVE-2021-21184,CVE-2021-21185,CVE-2021-21187,CVE-2021-21188,CVE-2021-21189,CVE-2021-21190,CVE-2021-21191,CVE-2021-21192,CVE-2021-21193,CVE-2021-21194,CVE-2021-21195,CVE-2021-21196,CVE-2021-21197,CVE-2021-21198,CVE-2021-21199,CVE-2021-21200,CVE-2021-21201,CVE-2021-21202,CVE-2021-21203,CVE-2021-21206,CVE-2021-21207,CVE-2021-21208,CVE-2021-21209,CVE-2021-21210,CVE-2021-21212,CVE-2021-21213,CVE-2021-21214,CVE-2021-21215,CVE-2021-21216,CVE-2021-21217,CVE-2021-21218,CVE-2021-21219,CVE-2021-21220,CVE-2021-21221,CVE-2021-21222,CVE-2021-21223,CVE-2021-21224,CVE-2021-21225,CVE-2021-21226,CVE-2021-21227,CVE-2021-21228,CVE-2021-21230,CVE-2021-21231,CVE-2021-21232,CVE-2021-21233,CVE-2021-30508,CVE-2021-30509,CVE-2021-30510,CVE-2021-30511,CVE-2021-30512,CVE-2021-30513,CVE-2021-30514,CVE-2021-30515,CVE-2021-30516,CVE-2021-30517,CVE-2021-30518,CVE-2021-30519,CVE-2021-30520,CVE-2021-30522,CVE-2021-30523,CVE-2021-30524,CVE-2021-30525,CVE-2021-30526,CVE-2021-30527,CVE-2021-30529,CVE-2021-30530,CVE-2021-30531,CVE-2021-30532,CVE-2021-30533,CVE-2021-30534,CVE-2021-30535,CVE-2021-30536,CVE-2021-30537,CVE-2021-30538,CVE-2021-30539,CVE-2021-30540,CVE-2021-30541,CVE-2021-30542,CVE-2021-30543,CVE-2021-30544,CVE-2021-30545,CVE-2021-30546,CVE-2021-30547,CVE-2021-30548,CVE-2021-30549,CVE-2021-30550,CVE-2021-30551,CVE-2021-30552,CVE-2021-30553,CVE-2021-30554,CVE-2021-30555,CVE-2021-30556,CVE-2021-30557,CVE-2021-30558,CVE-2021-30559,CVE-2021-30560,CVE-2021-30561,CVE-2021-30562,CVE-2021-30563,CVE-2021-30564,CVE-2021-30566,CVE-2021-30567,CVE-2021-30568,CVE-2021-30569,CVE-2021-30571,CVE-2021-30572,CVE-2021-30573,CVE-2021-30574,CVE-2021-30575,CVE-2021-30576,CVE-2021-30577,CVE-2021-30578,CVE-2021-30579,CVE-2021-30580,CVE-2021-30581,CVE-2021-30582,CVE-2021-30584,CVE-2021-30585,CVE-2021-30586,CVE-2021-30587,CVE-2021-30588,CVE-2021-30589,CVE-2021-30590,CVE-2021-30591,CVE-2021-30592,CVE-2021-30593,CVE-2021-30594,CVE-2021-30597,CVE-2021-30598,CVE-2021-30599,CVE-2021-30600,CVE-2021-30601,CVE-2021-30602,CVE-2021-30603,CVE-2021-30604,CVE-2021-30625,CVE-2021-30626,CVE-2021-30627,CVE-2021-30628,CVE-2021-30629,CVE-2021-30630,CVE-2021-30632,CVE-2021-30633,CVE-2021-37956,CVE-2021-37957,CVE-2021-37958,CVE-2021-37959,CVE-2021-37961,CVE-2021-37962,CVE-2021-37963,CVE-2021-37965,CVE-2021-37967,CVE-2021-37968,CVE-2021-37969,CVE-2021-37970,CVE-2021-37971,CVE-2021-37972,CVE-2021-37973,CVE-2021-37974,CVE-2021-37975,CVE-2021-37976,CVE-2021-37977,CVE-2021-37978,CVE-2021-37979,CVE-2021-37980,CVE-2021-37981,CVE-2021-37982,CVE-2021-37983,CVE-2021-37984,CVE-2021-37985,CVE-2021-37986,CVE-2021-37987,CVE-2021-37988,CVE-2021-37989,CVE-2021-37990,CVE-2021-37991,CVE-2021-37992,CVE-2021-37993,CVE-2021-37994,CVE-2021-37995,CVE-2021-37996,CVE-2021-37997,CVE-2021-37998,CVE-2021-37999,CVE-2021-38001,CVE-2021-38002,CVE-2021-38003,CVE-2021-38004,CVE-2021-38005,CVE-2021-38006,CVE-2021-38007,CVE-2021-38008,CVE-2021-38009,CVE-2021-38010,CVE-2021-38011,CVE-2021-38012,CVE-2021-38014,CVE-2021-38015,CVE-2021-38016,CVE-2021-38017,CVE-2021-38018,CVE-2021-38019,CVE-2021-38021,CVE-2021-38022,CVE-2021-38023,CVE-2021-4052,CVE-2021-4053,CVE-2021-4054,CVE-2021-4055,CVE-2021-4056,CVE-2021-4057,CVE-2021-4058,CVE-2021-4059,CVE-2021-4061,CVE-2021-4062,CVE-2021-4063,CVE-2021-4064,CVE-2021-4065,CVE-2021-4066,CVE-2021-4067,CVE-2021-4068,CVE-2021-4078,CVE-2021-4079,CVE-2021-4098,CVE-2021-4099,CVE-2021-4100,CVE-2021-4101,CVE-2021-4102,CVE-2021-4316,CVE-2021-4317,CVE-2021-4318,CVE-2021-4319,CVE-2021-4320,CVE-2021-4321,CVE-2021-4322,CVE-2021-4323,CVE-2021-4324,CVE-2022-0096,CVE-2022-0097,CVE-2022-0098,CVE-2022-0099,CVE-2022-0100,CVE-2022-0101,CVE-2022-0102,CVE-2022-0103,CVE-2022-0104,CVE-2022-0105,CVE-2022-0106,CVE-2022-0108,CVE-2022-0109,CVE-2022-0110,CVE-2022-0111,CVE-2022-0112,CVE-2022-0113,CVE-2022-0114,CVE-2022-0115,CVE-2022-0116,CVE-2022-0117,CVE-2022-0118,CVE-2022-0120,CVE-2022-0289,CVE-2022-0290,CVE-2022-0291,CVE-2022-0292,CVE-2022-0293,CVE-2022-0294,CVE-2022-0295,CVE-2022-0296,CVE-2022-0297,CVE-2022-0298,CVE-2022-0301,CVE-2022-0302,CVE-2022-0304,CVE-2022-0305,CVE-2022-0306,CVE-2022-0307,CVE-2022-0309,CVE-2022-0310,CVE-2022-0311,CVE-2022-0337,CVE-2022-0452,CVE-2022-0453,CVE-2022-0454,CVE-2022-0456,CVE-2022-0457,CVE-2022-0458,CVE-2022-0459,CVE-2022-0460,CVE-2022-0461,CVE-2022-0462,CVE-2022-0463,CVE-2022-0464,CVE-2022-0465,CVE-2022-0466,CVE-2022-0467,CVE-2022-0468,CVE-2022-0469,CVE-2022-0470,CVE-2022-0604,CVE-2022-0605,CVE-2022-0606,CVE-2022-0607,CVE-2022-0608,CVE-2022-0609,CVE-2022-0610,CVE-2022-0789,CVE-2022-0790,CVE-2022-0791,CVE-2022-0792,CVE-2022-0793,CVE-2022-0794,CVE-2022-0795,CVE-2022-0796,CVE-2022-0797,CVE-2022-0798,CVE-2022-0799,CVE-2022-0800,CVE-2022-0801,CVE-2022-0802,CVE-2022-0803,CVE-2022-0804,CVE-2022-0805,CVE-2022-0806,CVE-2022-0807,CVE-2022-0808,CVE-2022-0809,CVE-2022-0973,CVE-2022-0974,CVE-2022-0975,CVE-2022-0976,CVE-2022-0977,CVE-2022-0978,CVE-2022-0979,CVE-2022-0980,CVE-2022-1096,CVE-2022-1125,CVE-2022-1127,CVE-2022-1128,CVE-2022-1131,CVE-2022-1133,CVE-2022-1134,CVE-2022-1135,CVE-2022-1136,CVE-2022-1137,CVE-2022-1138,CVE-2022-1139,CVE-2022-1141,CVE-2022-1142,CVE-2022-1143,CVE-2022-1144,CVE-2022-1145,CVE-2022-1146,CVE-2022-1232,CVE-2022-1305,CVE-2022-1306,CVE-2022-1308,CVE-2022-1309,CVE-2022-1310,CVE-2022-1312,CVE-2022-1313,CVE-2022-1314,CVE-2022-1364,CVE-2022-1477,CVE-2022-1478,CVE-2022-1479,CVE-2022-1482,CVE-2022-1483,CVE-2022-1484,CVE-2022-1485,CVE-2022-1486,CVE-2022-1487,CVE-2022-1488,CVE-2022-1490,CVE-2022-1491,CVE-2022-1492,CVE-2022-1493,CVE-2022-1494,CVE-2022-1496,CVE-2022-1497,CVE-2022-1498,CVE-2022-1499,CVE-2022-1500,CVE-2022-1501,CVE-2022-1638,CVE-2022-1639,CVE-2022-1640,CVE-2022-1853,CVE-2022-1854,CVE-2022-1855,CVE-2022-1856,CVE-2022-1857,CVE-2022-1858,CVE-2022-1859,CVE-2022-1860,CVE-2022-1861,CVE-2022-1862,CVE-2022-1863,CVE-2022-1864,CVE-2022-1865,CVE-2022-1866,CVE-2022-1867,CVE-2022-1868,CVE-2022-1869,CVE-2022-1870,CVE-2022-1871,CVE-2022-1872,CVE-2022-1873,CVE-2022-1875,CVE-2022-1876,CVE-2022-1919,CVE-2022-2007,CVE-2022-2008,CVE-2022-2010,CVE-2022-2011,CVE-2022-2156,CVE-2022-2157,CVE-2022-2158,CVE-2022-2160,CVE-2022-2161,CVE-2022-2162,CVE-2022-2163,CVE-2022-2164,CVE-2022-2165,CVE-2022-2294,CVE-2022-2295,CVE-2022-2399,CVE-2022-2415,CVE-2022-2477,CVE-2022-2478,CVE-2022-2480,CVE-2022-2481,CVE-2022-2603,CVE-2022-2604,CVE-2022-2605,CVE-2022-2606,CVE-2022-2610,CVE-2022-2612,CVE-2022-2614,CVE-2022-2615,CVE-2022-2616,CVE-2022-2617,CVE-2022-2618,CVE-2022-2619,CVE-2022-2621,CVE-2022-2622,CVE-2022-2624,CVE-2022-2743,CVE-2022-2852,CVE-2022-2854,CVE-2022-2855,CVE-2022-2856,CVE-2022-2857,CVE-2022-2858,CVE-2022-2859,CVE-2022-2860,CVE-2022-2861,CVE-2022-2998,CVE-2022-3038,CVE-2022-3039,CVE-2022-3040,CVE-2022-3041,CVE-2022-3044,CVE-2022-3045,CVE-2022-3046,CVE-2022-3047,CVE-2022-3054,CVE-2022-3055,CVE-2022-3056,CVE-2022-3057,CVE-2022-3058,CVE-2022-3075,CVE-2022-3195,CVE-2022-3196,CVE-2022-3197,CVE-2022-3198,CVE-2022-3199,CVE-2022-3200,CVE-2022-3304,CVE-2022-3307,CVE-2022-3308,CVE-2022-3311,CVE-2022-3312,CVE-2022-3313,CVE-2022-3314,CVE-2022-3315,CVE-2022-3316,CVE-2022-3370,CVE-2022-3373,CVE-2022-3443,CVE-2022-3444,CVE-2022-3445,CVE-2022-3446,CVE-2022-3448,CVE-2022-3449,CVE-2022-3450,CVE-2022-3652,CVE-2022-3653,CVE-2022-3654,CVE-2022-3655,CVE-2022-3656,CVE-2022-3657,CVE-2022-3661,CVE-2022-3723,CVE-2022-3842,CVE-2022-3863,CVE-2022-3885,CVE-2022-3886,CVE-2022-3887,CVE-2022-3888,CVE-2022-3889,CVE-2022-4025,CVE-2022-4135,CVE-2022-4174,CVE-2022-4175,CVE-2022-4177,CVE-2022-4178,CVE-2022-4179,CVE-2022-4180,CVE-2022-4181,CVE-2022-4182,CVE-2022-4183,CVE-2022-4184,CVE-2022-4186,CVE-2022-4187,CVE-2022-4189,CVE-2022-4190,CVE-2022-4191,CVE-2022-4192,CVE-2022-4193,CVE-2022-4194,CVE-2022-4195,CVE-2022-4262,CVE-2022-4436,CVE-2022-4437,CVE-2022-4438,CVE-2022-4439,CVE-2022-4440,CVE-2022-4452,CVE-2022-4906,CVE-2022-4907,CVE-2022-4908,CVE-2022-4909,CVE-2022-4910,CVE-2022-4911,CVE-2022-4912,CVE-2022-4913,CVE-2022-4914,CVE-2022-4915,CVE-2022-4916,CVE-2022-4918,CVE-2022-4919,CVE-2022-4920,CVE-2022-4921,CVE-2022-4922,CVE-2022-4923,CVE-2022-4924,CVE-2022-4925,CVE-2022-4955,CVE-2023-0129,CVE-2023-0131,CVE-2023-0132,CVE-2023-0134,CVE-2023-0135,CVE-2023-0138,CVE-2023-0139,CVE-2023-0140,CVE-2023-0141,CVE-2023-0471,CVE-2023-0472,CVE-2023-0473,CVE-2023-0474,CVE-2023-0696,CVE-2023-0698,CVE-2023-0699,CVE-2023-0700,CVE-2023-0701,CVE-2023-0702,CVE-2023-0703,CVE-2023-0704,CVE-2023-0705,CVE-2023-0928,CVE-2023-0929,CVE-2023-0930,CVE-2023-0931,CVE-2023-0932,CVE-2023-0933,CVE-2023-0941,CVE-2023-1213,CVE-2023-1214,CVE-2023-1215,CVE-2023-1216,CVE-2023-1217,CVE-2023-1218,CVE-2023-1219,CVE-2023-1220,CVE-2023-1221,CVE-2023-1222,CVE-2023-1224,CVE-2023-1226,CVE-2023-1229,CVE-2023-1232,CVE-2023-1233,CVE-2023-1235,CVE-2023-1236,CVE-2023-1528,CVE-2023-1529,CVE-2023-1530,CVE-2023-1531,CVE-2023-1532,CVE-2023-1533,CVE-2023-1534,CVE-2023-1810,CVE-2023-1811,CVE-2023-1812,CVE-2023-1813,CVE-2023-1814,CVE-2023-1815,CVE-2023-1816,CVE-2023-1817,CVE-2023-1818,CVE-2023-1819,CVE-2023-1820,CVE-2023-1821,CVE-2023-1822,CVE-2023-1823,CVE-2023-2033,CVE-2023-2133,CVE-2023-2134,CVE-2023-2135,CVE-2023-2136,CVE-2023-2137,CVE-2023-2311,CVE-2023-2313,CVE-2023-2314,CVE-2023-2459,CVE-2023-2460,CVE-2023-2462,CVE-2023-2464,CVE-2023-2465,CVE-2023-2466,CVE-2023-2468,CVE-2023-2721,CVE-2023-2723,CVE-2023-2724,CVE-2023-2725,CVE-2023-2726,CVE-2023-2929,CVE-2023-2930,CVE-2023-2931,CVE-2023-2932,CVE-2023-2933,CVE-2023-2934,CVE-2023-2935,CVE-2023-2936,CVE-2023-2937,CVE-2023-2938,CVE-2023-2939,CVE-2023-2940,CVE-2023-2941,CVE-2023-3079,CVE-2023-3214,CVE-2023-3215,CVE-2023-3216,CVE-2023-3217,CVE-2023-3420,CVE-2023-3421,CVE-2023-3422,CVE-2023-3598,CVE-2023-3727,CVE-2023-3728,CVE-2023-3730,CVE-2023-3732,CVE-2023-3733,CVE-2023-3734,CVE-2023-3735,CVE-2023-3737,CVE-2023-3738,CVE-2023-3740,CVE-2023-4068,CVE-2023-4069,CVE-2023-4070,CVE-2023-4071,CVE-2023-4072,CVE-2023-4074,CVE-2023-4075,CVE-2023-4076,CVE-2023-4077,CVE-2023-4078,CVE-2023-4349,CVE-2023-4351,CVE-2023-4352,CVE-2023-4353,CVE-2023-4354,CVE-2023-4355,CVE-2023-4356,CVE-2023-4357,CVE-2023-4358,CVE-2023-4360,CVE-2023-4362,CVE-2023-4364,CVE-2023-4365,CVE-2023-4366,CVE-2023-4367,CVE-2023-4368,CVE-2023-4427,CVE-2023-4428,CVE-2023-4429,CVE-2023-4430,CVE-2023-4431,CVE-2023-4572,CVE-2023-4761,CVE-2023-4762,CVE-2023-4763,CVE-2023-4764,CVE-2023-4860,CVE-2023-4863,CVE-2023-4901,CVE-2023-4902,CVE-2023-4904,CVE-2023-4905,CVE-2023-4906,CVE-2023-4908,CVE-2023-4909,CVE-2023-5186,CVE-2023-5187,CVE-2023-5217,CVE-2023-5218,CVE-2023-5346,CVE-2023-5472,CVE-2023-5473,CVE-2023-5474,CVE-2023-5475,CVE-2023-5476,CVE-2023-5477,CVE-2023-5478,CVE-2023-5479,CVE-2023-5480,CVE-2023-5481,CVE-2023-5482,CVE-2023-5483,CVE-2023-5484,CVE-2023-5485,CVE-2023-5486,CVE-2023-5487,CVE-2023-5849,CVE-2023-5850,CVE-2023-5851,CVE-2023-5852,CVE-2023-5853,CVE-2023-5854,CVE-2023-5855,CVE-2023-5856,CVE-2023-5857,CVE-2023-5858,CVE-2023-5859,CVE-2023-5996,CVE-2023-5997,CVE-2023-6112,CVE-2023-6345,CVE-2023-6346,CVE-2023-6347,CVE-2023-6348,CVE-2023-6350,CVE-2023-6351,CVE-2023-6508,CVE-2023-6509,CVE-2023-6510,CVE-2023-6511,CVE-2023-6512,CVE-2023-6702,CVE-2023-6703,CVE-2023-6704,CVE-2023-6705,CVE-2023-6706,CVE-2023-6707,CVE-2023-7010,CVE-2023-7011,CVE-2023-7012,CVE-2023-7013,CVE-2023-7024,CVE-2023-7281,CVE-2023-7282,CVE-2024-0222,CVE-2024-0223,CVE-2024-0224,CVE-2024-0225,CVE-2024-0333,CVE-2024-0517,CVE-2024-0518,CVE-2024-0519,CVE-2024-0804,CVE-2024-0805,CVE-2024-0806,CVE-2024-0807,CVE-2024-0808,CVE-2024-0809,CVE-2024-0810,CVE-2024-0811,CVE-2024-0812,CVE-2024-0813,CVE-2024-0814,CVE-2024-10229,CVE-2024-10230,CVE-2024-10231,CVE-2024-10487,CVE-2024-10488,CVE-2024-1059,CVE-2024-1060,CVE-2024-1077,CVE-2024-10827,CVE-2024-11110,CVE-2024-11111,CVE-2024-11112,CVE-2024-11113,CVE-2024-11114,CVE-2024-11116,CVE-2024-11117,CVE-2024-11395,CVE-2024-12053,CVE-2024-12381,CVE-2024-12382,CVE-2024-12692,CVE-2024-12693,CVE-2024-12694,CVE-2024-12695,CVE-2024-1283,CVE-2024-1284,CVE-2024-13178,CVE-2024-1669,CVE-2024-1670,CVE-2024-1671,CVE-2024-1672,CVE-2024-1673,CVE-2024-1674,CVE-2024-1675,CVE-2024-1676,CVE-2024-1938,CVE-2024-1939,CVE-2024-2173,CVE-2024-2174,CVE-2024-2176,CVE-2024-2400,CVE-2024-2625,CVE-2024-2626,CVE-2024-2627,CVE-2024-2628,CVE-2024-2629,CVE-2024-2630,CVE-2024-2631,CVE-2024-2883,CVE-2024-2884,CVE-2024-2885,CVE-2024-2886,CVE-2024-2887,CVE-2024-3156,CVE-2024-3157,CVE-2024-3158,CVE-2024-3159,CVE-2024-3168,CVE-2024-3169,CVE-2024-3170,CVE-2024-3171,CVE-2024-3172,CVE-2024-3173,CVE-2024-3174,CVE-2024-3175,CVE-2024-3176,CVE-2024-3515,CVE-2024-3516,CVE-2024-3832,CVE-2024-3833,CVE-2024-3834,CVE-2024-3837,CVE-2024-3838,CVE-2024-3839,CVE-2024-3840,CVE-2024-3841,CVE-2024-3843,CVE-2024-3844,CVE-2024-3845,CVE-2024-3846,CVE-2024-3847,CVE-2024-3914,CVE-2024-4058,CVE-2024-4059,CVE-2024-4060,CVE-2024-4331,CVE-2024-4368,CVE-2024-4558,CVE-2024-4559,CVE-2024-4671,CVE-2024-4761,CVE-2024-4947,CVE-2024-4948,CVE-2024-4949,CVE-2024-4950,CVE-2024-5157,CVE-2024-5158,CVE-2024-5159,CVE-2024-5160,CVE-2024-5274,CVE-2024-5494,CVE-2024-5495,CVE-2024-5496,CVE-2024-5497,CVE-2024-5498,CVE-2024-5499,CVE-2024-5500,CVE-2024-5830,CVE-2024-5831,CVE-2024-5832,CVE-2024-5833,CVE-2024-5834,CVE-2024-5835,CVE-2024-5836,CVE-2024-5837,CVE-2024-5838,CVE-2024-5839,CVE-2024-5840,CVE-2024-5841,CVE-2024-5842,CVE-2024-5843,CVE-2024-5844,CVE-2024-5845,CVE-2024-5846,CVE-2024-5847,CVE-2024-6100,CVE-2024-6101,CVE-2024-6102,CVE-2024-6103,CVE-2024-6290,CVE-2024-6291,CVE-2024-6292,CVE-2024-6293,CVE-2024-6772,CVE-2024-6774,CVE-2024-6775,CVE-2024-6776,CVE-2024-6777,CVE-2024-6778,CVE-2024-6779,CVE-2024-6989,CVE-2024-6990,CVE-2024-6991,CVE-2024-6994,CVE-2024-6996,CVE-2024-6997,CVE-2024-6998,CVE-2024-6999,CVE-2024-7000,CVE-2024-7001,CVE-2024-7003,CVE-2024-7004,CVE-2024-7005,CVE-2024-7017,CVE-2024-7018,CVE-2024-7019,CVE-2024-7020,CVE-2024-7021,CVE-2024-7022,CVE-2024-7023,CVE-2024-7024,CVE-2024-7025,CVE-2024-7255,CVE-2024-7532,CVE-2024-7534,CVE-2024-7535,CVE-2024-7536,CVE-2024-7550,CVE-2024-7965,CVE-2024-7966,CVE-2024-7967,CVE-2024-7968,CVE-2024-7969,CVE-2024-7970,CVE-2024-7971,CVE-2024-7972,CVE-2024-7973,CVE-2024-7974,CVE-2024-7975,CVE-2024-7976,CVE-2024-7977,CVE-2024-7978,CVE-2024-7979,CVE-2024-7980,CVE-2024-7981,CVE-2024-8033,CVE-2024-8035,CVE-2024-8193,CVE-2024-8194,CVE-2024-8198,CVE-2024-8362,CVE-2024-8636,CVE-2024-8638,CVE-2024-8904,CVE-2024-8905,CVE-2024-8906,CVE-2024-8908,CVE-2024-9120,CVE-2024-9121,CVE-2024-9122,CVE-2024-9123,CVE-2024-9369,CVE-2024-9602,CVE-2024-9603,CVE-2024-9859,CVE-2024-9954,CVE-2024-9955,CVE-2024-9958,CVE-2024-9959,CVE-2024-9960,CVE-2024-9962,CVE-2024-9963,CVE-2024-9964,CVE-2024-9965,CVE-2024-9966,CVE-2025-0291,CVE-2025-0434,CVE-2025-0436,CVE-2025-0437,CVE-2025-0438,CVE-2025-0439,CVE-2025-0440,CVE-2025-0441,CVE-2025-0442,CVE-2025-0443,CVE-2025-0444,CVE-2025-0445,CVE-2025-0446,CVE-2025-0447,CVE-2025-0448,CVE-2025-0451,CVE-2025-0611,CVE-2025-0612,CVE-2025-0762,CVE-2025-0995,CVE-2025-0996,CVE-2025-0997,CVE-2025-0999,CVE-2025-1006,CVE-2025-10200,CVE-2025-10500,CVE-2025-10501,CVE-2025-10502,CVE-2025-10585,CVE-2025-10890,CVE-2025-10891,CVE-2025-10892,CVE-2025-11205,CVE-2025-11206,CVE-2025-11207,CVE-2025-11208,CVE-2025-11210,CVE-2025-11211,CVE-2025-11212,CVE-2025-11215,CVE-2025-11219,CVE-2025-11458,CVE-2025-11460,CVE-2025-11756,CVE-2025-12036,CVE-2025-12428,CVE-2025-12429,CVE-2025-12430,CVE-2025-12431,CVE-2025-12432,CVE-2025-12433,CVE-2025-12434,CVE-2025-12436,CVE-2025-12437,CVE-2025-12439,CVE-2025-12440,CVE-2025-12441,CVE-2025-12443,CVE-2025-12444,CVE-2025-12445,CVE-2025-12446,CVE-2025-12725,CVE-2025-12726,CVE-2025-12727,CVE-2025-12728,CVE-2025-12905,CVE-2025-12906,CVE-2025-12907,CVE-2025-12909,CVE-2025-12910,CVE-2025-12911,CVE-2025-13042,CVE-2025-13097,CVE-2025-13107,CVE-2025-13223,CVE-2025-13224,CVE-2025-13226,CVE-2025-13227,CVE-2025-13228,CVE-2025-13229,CVE-2025-13230,CVE-2025-13630,CVE-2025-13631,CVE-2025-13632,CVE-2025-13633,CVE-2025-13634,CVE-2025-13635,CVE-2025-13636,CVE-2025-13637,CVE-2025-13638,CVE-2025-13639,CVE-2025-13640,CVE-2025-13720,CVE-2025-13721,CVE-2025-13992,CVE-2025-14174,CVE-2025-1426,CVE-2025-14372,CVE-2025-14373,CVE-2025-14765,CVE-2025-14766,CVE-2025-1914,CVE-2025-1915,CVE-2025-1916,CVE-2025-1918,CVE-2025-1919,CVE-2025-1920,CVE-2025-1921,CVE-2025-1923,CVE-2025-2135,CVE-2025-2136,CVE-2025-2137,CVE-2025-2476,CVE-2025-2783,CVE-2025-3066,CVE-2025-3068,CVE-2025-3069,CVE-2025-3070,CVE-2025-3071,CVE-2025-3072,CVE-2025-3073,CVE-2025-3074,CVE-2025-3619,CVE-2025-3620,CVE-2025-4050,CVE-2025-4051,CVE-2025-4052,CVE-2025-4096,CVE-2025-4372,CVE-2025-4609,CVE-2025-4664,CVE-2025-5063,CVE-2025-5064,CVE-2025-5065,CVE-2025-5066,CVE-2025-5067,CVE-2025-5068,CVE-2025-5280,CVE-2025-5281,CVE-2025-5283,CVE-2025-5419,CVE-2025-5958,CVE-2025-5959,CVE-2025-6191,CVE-2025-6192,CVE-2025-6554,CVE-2025-6555,CVE-2025-6556,CVE-2025-6557,CVE-2025-6558,CVE-2025-7656,CVE-2025-7657,CVE-2025-8010,CVE-2025-8011,CVE-2025-8292,CVE-2025-8576,CVE-2025-8577,CVE-2025-8578,CVE-2025-8579,CVE-2025-8580,CVE-2025-8581,CVE-2025-8582,CVE-2025-8583,CVE-2025-8879,CVE-2025-8880,CVE-2025-8881,CVE-2025-8882,CVE-2025-8901,CVE-2025-9132,CVE-2025-9478,CVE-2025-9479,CVE-2025-9866,CVE-2026-0628,CVE-2026-0899,CVE-2026-0900,CVE-2026-0901,CVE-2026-0902,CVE-2026-0903,CVE-2026-0904,CVE-2026-0905,CVE-2026-0906,CVE-2026-0907,CVE-2026-0908,CVE-2026-1504,CVE-2026-1861,CVE-2026-1862,CVE-2026-2313,CVE-2026-2314,CVE-2026-2315,CVE-2026-2316,CVE-2026-2317,CVE-2026-2318,CVE-2026-2319,CVE-2026-2320,CVE-2026-2321,CVE-2026-2322,CVE-2026-2323,CVE-2026-2441,CVE-2026-2648,CVE-2026-2649,CVE-2026-2650,CVE-2026-3061,CVE-2026-3062,CVE-2026-3063,CVE-2026-3536,CVE-2026-3538,CVE-2026-3539,CVE-2026-3540,CVE-2026-3541,CVE-2026-3542,CVE-2026-3543,CVE-2026-3544,CVE-2026-3545,CVE-2026-3909,CVE-2026-3910,CVE-2026-3913,CVE-2026-3914,CVE-2026-3915,CVE-2026-3916,CVE-2026-3917,CVE-2026-3918,CVE-2026-3919,CVE-2026-3920,CVE-2026-3921,CVE-2026-3922,CVE-2026-3923,CVE-2026-3924,CVE-2026-3925,CVE-2026-3926,CVE-2026-3927,CVE-2026-3928,CVE-2026-3929,CVE-2026-3930,CVE-2026-3931,CVE-2026-3932,CVE-2026-3934,CVE-2026-3935,CVE-2026-3936,CVE-2026-3937,CVE-2026-3938,CVE-2026-3939,CVE-2026-3940,CVE-2026-3941,CVE-2026-3942,CVE-2026-4439,CVE-2026-4440,CVE-2026-4441,CVE-2026-4442,CVE-2026-4443,CVE-2026-4444,CVE-2026-4445,CVE-2026-4446,CVE-2026-4447,CVE-2026-4448,CVE-2026-4449,CVE-2026-4450,CVE-2026-4451,CVE-2026-4452,CVE-2026-4454,CVE-2026-4455,CVE-2026-4456,CVE-2026-4457,CVE-2026-4458,CVE-2026-4459,CVE-2026-4460,CVE-2026-4461,CVE-2026-4462,CVE-2026-4463,CVE-2026-4464,CVE-2026-4673,CVE-2026-4674,CVE-2026-4675,CVE-2026-4676,CVE-2026-4677,CVE-2026-4678,CVE-2026-4679,CVE-2026-4680,CVE-2026-5272,CVE-2026-5273,CVE-2026-5274,CVE-2026-5275,CVE-2026-5276,CVE-2026-5277,CVE-2026-5278,CVE-2026-5279,CVE-2026-5280,CVE-2026-5281,CVE-2026-5282,CVE-2026-5283,CVE-2026-5284,CVE-2026-5285,CVE-2026-5286,CVE-2026-5287,CVE-2026-5288,CVE-2026-5289,CVE-2026-5290,CVE-2026-5291,CVE-2026-5292,CVE-2026-5858,CVE-2026-5859,CVE-2026-5860,CVE-2026-5861,CVE-2026-5862,CVE-2026-5863,CVE-2026-5864,CVE-2026-5865,CVE-2026-5866,CVE-2026-5867,CVE-2026-5869,CVE-2026-5870,CVE-2026-5871,CVE-2026-5872,CVE-2026-5873,CVE-2026-5874,CVE-2026-5875,CVE-2026-5876,CVE-2026-5877,CVE-2026-5878,CVE-2026-5880,CVE-2026-5881,CVE-2026-5882,CVE-2026-5883,CVE-2026-5884,CVE-2026-5885,CVE-2026-5887,CVE-2026-5888,CVE-2026-5889,CVE-2026-5890,CVE-2026-5891,CVE-2026-5892,CVE-2026-5893,CVE-2026-5894,CVE-2026-5895,CVE-2026-5896,CVE-2026-5897,CVE-2026-5898,CVE-2026-5899,CVE-2026-5900,CVE-2026-5901,CVE-2026-5902,CVE-2026-5903,CVE-2026-5904,CVE-2026-5905,CVE-2026-5906,CVE-2026-5907,CVE-2026-5908,CVE-2026-5909,CVE-2026-5910,CVE-2026-5911,CVE-2026-5912,CVE-2026-5913,CVE-2026-5914,CVE-2026-5915,CVE-2026-5918,CVE-2026-5919,CVE-2026-6296,CVE-2026-6297,CVE-2026-6298,CVE-2026-6299,CVE-2026-6300,CVE-2026-6301,CVE-2026-6302,CVE-2026-6303,CVE-2026-6304,CVE-2026-6305,CVE-2026-6306,CVE-2026-6307,CVE-2026-6308,CVE-2026-6309,CVE-2026-6310,CVE-2026-6311,CVE-2026-6312,CVE-2026-6313,CVE-2026-6314,CVE-2026-6316,CVE-2026-6317,CVE-2026-6318,CVE-2026-6359,CVE-2026-6360,CVE-2026-6361,CVE-2026-6362,CVE-2026-6363,CVE-2026-6364","","https://support.google.com/chrome/answer/95414?hl=en&co=GENIE.Platform%3DDesktop#zippy=%2Cwindows"
"5a6222ce74a54d8eaa487599b16363ee","Node.js Foundation","Node.js","24.14.1","Software","File","Name:Node.js,Version:20.14.0;Name:Node.js,Version:16.13.0;Name:Node.js,Version:9.11.1;Name:Node.js,Version:24.11.1;Name:Node.js,Version:22.17.1;Name:Node.js,Version:20.13.1;Name:Node.js,Version:16.14.2;Name:Node.js,Version:22.11.0;Name:Node.js,Version:20.11.1;Name:Node.js,Version:22.21.1;Name:Node.js,Version:22.12.0;Name:Node.js,Version:22.13.0;Name:Node.js,Version:14.17.6;Name:Node.js,Version:22.19.0;Name:Node.js,Version:22.16.0;Name:Node.js,Version:16.16.0;Name:Node.js,Version:18.14.2;Name:Node.js,Version:18.16.1;Name:Node.js,Version:18.16.0;Name:Node.js,Version:23.2.0;Name:Node.js,Version:22.15.0;Name:Node.js,Version:16.15.0;Name:Node.js,Version:19.7.0;Name:Node.js,Version:18.14.1;Name:Node.js,Version:25.2.1;Name:Node.js,Version:14.18.1;Name:Node.js,Version:20.3.1;Name:Node.js,Version:23.3.0;Name:Node.js,Version:23.4.0;Name:Node.js,Version:12.13.1;Name:Node.js,Version:24.7.0;Name:Node.js,Version:22.17.0;Name:Node.js,Version:14.17.5;Name:Node.js,Version:20.11.0;Name:Node.js,Version:12.18.0;Name:Node.js,Version:24.11.0;Name:Node.js,Version:18.7.0;Name:Node.js,Version:25.1.0;Name:Node.js,Version:18.17.0;Name:Node.js,Version:18.19.0;Name:Node.js,Version:20.18.0;Name:Node.js,Version:20.7.0;Name:Node.js,Version:14.17.1;Name:Node.js,Version:16.10.0;Name:Node.js,Version:10.13.0;Name:Node.js,Version:14.13.0;Name:Node.js,Version:16.18.0;Name:Node.js,Version:20.9.0;Name:Node.js,Version:18.13.0;Name:Node.js,Version:19.3.0;Name:Node.js,Version:24.12.0;Name:Node.js,Version:20.15.0;Name:Node.js,Version:16.14.0;Name:Node.js,Version:16.17.0;Name:Node.js,Version:22.18.0;Name:Node.js,Version:22.14.0;Name:Node.js,Version:20.5.0;Name:Node.js,Version:20.17.0;Name:Node.js,Version:15.14.0;Name:Node.js,Version:25.0.0;Name:Node.js,Version:24.9.0;Name:Node.js,Version:22.20.0","CVE-2018-0734,CVE-2018-0735,CVE-2018-1000168,CVE-2018-12121,CVE-2018-12122,CVE-2018-12123,CVE-2018-7161,CVE-2018-7162,CVE-2018-7164,CVE-2018-7167,CVE-2019-15604,CVE-2019-15605,CVE-2019-15606,CVE-2019-5737,CVE-2019-9511,CVE-2019-9512,CVE-2019-9513,CVE-2019-9514,CVE-2019-9515,CVE-2019-9516,CVE-2019-9517,CVE-2019-9518,CVE-2020-10531,CVE-2020-11080,CVE-2020-1971,CVE-2020-8172,CVE-2020-8174,CVE-2020-8201,CVE-2020-8252,CVE-2020-8265,CVE-2020-8277,CVE-2020-8287,CVE-2021-22883,CVE-2021-22884,CVE-2021-22918,CVE-2021-22921,CVE-2021-22930,CVE-2021-22931,CVE-2021-22939,CVE-2021-22940,CVE-2021-23840,CVE-2021-3449,CVE-2021-3450,CVE-2021-3672,CVE-2021-44531,CVE-2021-44532,CVE-2021-44533,CVE-2022-0778,CVE-2022-21824,CVE-2022-32212,CVE-2022-32213,CVE-2022-32214,CVE-2022-32215,CVE-2022-32223,CVE-2022-35255,CVE-2022-35256,CVE-2022-3602,CVE-2022-3786,CVE-2022-43548,CVE-2023-23918,CVE-2023-23919,CVE-2023-23920,CVE-2023-23936,CVE-2023-30581,CVE-2023-30585,CVE-2023-30588,CVE-2023-30589,CVE-2023-30590,CVE-2023-32002,CVE-2023-32003,CVE-2023-32004,CVE-2023-32005,CVE-2023-32006,CVE-2023-32558,CVE-2023-32559,CVE-2023-38552,CVE-2023-39331,CVE-2023-39332,CVE-2023-44487,CVE-2024-21890,CVE-2024-21891,CVE-2024-21896,CVE-2024-22019,CVE-2024-3566,CVE-2025-23084,CVE-2025-55130,CVE-2025-55132,CVE-2025-59464,CVE-2025-59465,CVE-2025-59466,CVE-2026-21636,CVE-2026-21637","","https://nodejs.org/dist/v24.14.1/node-v24.14.1-x64.msi"
"5af723a86e4e475d8c6da4933d98c726","VMware, Inc.","VMware Workstation","17.6.4","Software","File","Name:VMware Workstation,Version:12.5.5;Name:VMware Workstation,Version:15.5.6;Name:VMware Workstation,Version:17.6.1;Name:VMware Workstation,Version:16.2.2;Name:VMware Workstation,Version:17.6.3;Name:VMware Workstation,Version:17.6.4;Name:VMware Workstation,Version:17.5.2;Name:VMware Workstation,Version:17.6.2;Name:VMware Workstation,Version:17.0.0;Name:VMware Workstation,Version:16.1.2;Name:VMware Workstation,Version:16.0.0","CVE-2017-4934,CVE-2017-4935,CVE-2017-4936,CVE-2017-4937,CVE-2017-4938,CVE-2017-4939,CVE-2017-4941,CVE-2017-4945,CVE-2017-4948,CVE-2017-4949,CVE-2017-4950,CVE-2017-5753,CVE-2020-3981,CVE-2020-3982,CVE-2020-3999,CVE-2020-4004,CVE-2021-21987,CVE-2021-21988,CVE-2021-21989,CVE-2021-22041,CVE-2021-22045,CVE-2022-22938,CVE-2022-22983,CVE-2022-31705,CVE-2023-20854,CVE-2023-20869,CVE-2023-20870,CVE-2023-20872,CVE-2023-34044,CVE-2024-22251,CVE-2024-22252,CVE-2024-22253,CVE-2024-22255,CVE-2024-22267,CVE-2024-22268,CVE-2024-22269,CVE-2024-22270,CVE-2024-22273,CVE-2025-22224,CVE-2025-22226,CVE-2025-41227,CVE-2025-41236,CVE-2025-41237,CVE-2025-41238,CVE-2025-41239,CVE-2026-22715,CVE-2026-22722","","https://support.broadcom.com/group/ecx/productfiles?subFamily=VMware%20Workstation%20Pro&displayGroup=VMware%20Workstation%20Pro%2017.0%20for%20Windows&release=17.6.4&os=&servicePk=533272&language=EN&freeDownloads=true"
"654ed3b8153c499083e30318ca6f55c8","Google LLC","Google Chrome","","Software","Solution","Name:Google Chrome,Version:101.0.4951.54;Name:Google Chrome,Version:147.0.7727.103;Name:Google Chrome,Version:148.0.7778.97;Name:Google Chrome,Version:114.0.5735.199;Name:Google Chrome,Version:107.0.5304.88;Name:Google Chrome,Version:132.0.6834.160;Name:Google Chrome,Version:148.0.7778.98;Name:Google Chrome,Version:131.0.6778.86;Name:Google Chrome,Version:133.0.6943.127;Name:Google Chrome,Version:146.0.7680.153;Name:Google Chrome,Version:133.0.6943.99;Name:Google Chrome,Version:147.0.7727.139;Name:Google Chrome,Version:147.0.7727.117;Name:Google Chrome,Version:146.0.7680.165;Name:Google Chrome,Version:136.0.7103.114;Name:Google Chrome,Version:143.0.7499.170;Name:Google Chrome,Version:145.0.7632.162;Name:Google Chrome,Version:142.0.7444.135;Name:Google Chrome,Version:115.0.5790.110;Name:Google Chrome,Version:144.0.7559.59;Name:Google Chrome,Version:134.0.6998.89;Name:Google Chrome,Version:147.0.7727.119;Name:Google Chrome,Version:142.0.7444.176;Name:Google Chrome,Version:132.0.6834.197;Name:Google Chrome,Version:137.0.7151.104;Name:Google Chrome,Version:124.0.6367.63;Name:Google Chrome,Version:136.0.7103.93;Name:Google Chrome,Version:146.0.7680.178;Name:Google Chrome,Version:140.0.7339.81;Name:Google Chrome,Version:147.0.7727.137;Name:Google Chrome,Version:106.0.5249.62;Name:Google Chrome,Version:108.0.5359.125;Name:Google Chrome,Version:140.0.7339.129;Name:Google Chrome,Version:138.0.7204.184;Name:Google Chrome,Version:145.0.7632.68;Name:Google Chrome,Version:144.0.7559.110;Name:Google Chrome,Version:136.0.7103.116;Name:Google Chrome,Version:147.0.7727.102;Name:Google Chrome,Version:145.0.7632.110;Name:Google Chrome,Version:118.0.5993.70;Name:Google Chrome,Version:144.0.7559.133;Name:Google Chrome,Version:119.0.6045.160;Name:Google Chrome,Version:141.0.7390.123;Name:Google Chrome,Version:139.0.7258.128;Name:Google Chrome,Version:114.0.5735.248;Name:Google Chrome,Version:147.0.7727.118;Name:Google Chrome,Version:141.0.7390.107;Name:Google Chrome,Version:110.0.5481.178;Name:Google Chrome,Version:145.0.7632.160;Name:Google Chrome,Version:146.0.7680.180;Name:Google Chrome,Version:144.0.7559.132;Name:Google Chrome,Version:115.0.5790.171;Name:Google Chrome,Version:145.0.7632.117;Name:Google Chrome,Version:148.0.7778.96;Name:Google Chrome,Version:143.0.7499.110;Name:Google Chrome,Version:143.0.7499.193;Name:Google Chrome,Version:146.0.7680.80;Name:Google Chrome,Version:118.0.5993.89;Name:Google Chrome,Version:115.0.5790.170;Name:Google Chrome,Version:147.0.7727.56;Name:Google Chrome,Version:131.0.6778.109;Name:Google Chrome,Version:80.0.3987.122;Name:Google Chrome,Version:137.0.7151.69;Name:Google Chrome,Version:148.0.7778.168;Name:Google Chrome,Version:147.0.7727.116;Name:Google Chrome,Version:145.0.7632.45;Name:Google Chrome,Version:140.0.7339.208;Name:Google Chrome,Version:129.0.6668.60;Name:Google Chrome,Version:145.0.7632.77;Name:Google Chrome,Version:139.0.7258.155;Name:Google Chrome,Version:133.0.6943.98;Name:Google Chrome,Version:136.0.7103.92;Name:Google Chrome,Version:137.0.7151.103;Name:Google Chrome,Version:135.0.7049.96;Name:Google Chrome,Version:144.0.7559.97;Name:Google Chrome,Version:148.0.7778.169;Name:Google Chrome,Version:103.0.5060.33;Name:Google Chrome,Version:114.0.5735.134;Name:Google Chrome,Version:145.0.7632.118;Name:Google Chrome,Version:144.0.7559.60;Name:Google Chrome,Version:109.0.5414.75;Name:Google Chrome,Version:147.0.7727.138;Name:Google Chrome,Version:147.0.7727.101;Name:Google Chrome,Version:132.0.6834.110;Name:Google Chrome,Version:103.0.5060.53;Name:Google Chrome,Version:104.0.5112.101;Name:Google Chrome,Version:131.0.6778.266;Name:Google Chrome,Version:111.0.5563.147;Name:Google Chrome,Version:138.0.7204.97;Name:Google Chrome,Version:145.0.7632.76;Name:Google Chrome,Version:134.0.6998.36;Name:Google Chrome,Version:135.0.7049.115;Name:Google Chrome,Version:147.0.7727.57;Name:Google Chrome,Version:115.0.5790.102;Name:Google Chrome,Version:92.0.4515.131;Name:Google Chrome,Version:148.0.7778.178;Name:Google Chrome,Version:142.0.7444.177;Name:Google Chrome,Version:144.0.7559.112;Name:Google Chrome,Version:115.0.5790.111;Name:Google Chrome,Version:148.0.7778.167;Name:Google Chrome,Version:145.0.7632.111;Name:Google Chrome,Version:143.0.7499.41","CVE-2019-8075,CVE-2020-15959,CVE-2020-15960,CVE-2020-15961,CVE-2020-15962,CVE-2020-15963,CVE-2020-15964,CVE-2020-15965,CVE-2020-15966,CVE-2020-15967,CVE-2020-15968,CVE-2020-15969,CVE-2020-15970,CVE-2020-15971,CVE-2020-15972,CVE-2020-15973,CVE-2020-15974,CVE-2020-15975,CVE-2020-15979,CVE-2020-15981,CVE-2020-15982,CVE-2020-15983,CVE-2020-15985,CVE-2020-15986,CVE-2020-15987,CVE-2020-15988,CVE-2020-15989,CVE-2020-15990,CVE-2020-15991,CVE-2020-15992,CVE-2020-15999,CVE-2020-16000,CVE-2020-16001,CVE-2020-16002,CVE-2020-16003,CVE-2020-16004,CVE-2020-16005,CVE-2020-16006,CVE-2020-16007,CVE-2020-16008,CVE-2020-16009,CVE-2020-16011,CVE-2020-16012,CVE-2020-16013,CVE-2020-16014,CVE-2020-16015,CVE-2020-16016,CVE-2020-16017,CVE-2020-16018,CVE-2020-16022,CVE-2020-16023,CVE-2020-16025,CVE-2020-16026,CVE-2020-16027,CVE-2020-16028,CVE-2020-16029,CVE-2020-16030,CVE-2020-16031,CVE-2020-16032,CVE-2020-16033,CVE-2020-16034,CVE-2020-16036,CVE-2020-16037,CVE-2020-16039,CVE-2020-16040,CVE-2020-16041,CVE-2020-16042,CVE-2020-16043,CVE-2020-16044,CVE-2020-36765,CVE-2020-6419,CVE-2020-6420,CVE-2020-6422,CVE-2020-6423,CVE-2020-6424,CVE-2020-6425,CVE-2020-6426,CVE-2020-6427,CVE-2020-6428,CVE-2020-6429,CVE-2020-6430,CVE-2020-6431,CVE-2020-6432,CVE-2020-6433,CVE-2020-6434,CVE-2020-6435,CVE-2020-6436,CVE-2020-6437,CVE-2020-6438,CVE-2020-6439,CVE-2020-6440,CVE-2020-6441,CVE-2020-6442,CVE-2020-6443,CVE-2020-6444,CVE-2020-6445,CVE-2020-6446,CVE-2020-6447,CVE-2020-6448,CVE-2020-6449,CVE-2020-6450,CVE-2020-6451,CVE-2020-6452,CVE-2020-6453,CVE-2020-6454,CVE-2020-6455,CVE-2020-6456,CVE-2020-6457,CVE-2020-6458,CVE-2020-6459,CVE-2020-6460,CVE-2020-6461,CVE-2020-6462,CVE-2020-6463,CVE-2020-6464,CVE-2020-6465,CVE-2020-6466,CVE-2020-6467,CVE-2020-6468,CVE-2020-6469,CVE-2020-6470,CVE-2020-6471,CVE-2020-6472,CVE-2020-6473,CVE-2020-6474,CVE-2020-6475,CVE-2020-6476,CVE-2020-6478,CVE-2020-6479,CVE-2020-6480,CVE-2020-6481,CVE-2020-6482,CVE-2020-6483,CVE-2020-6484,CVE-2020-6486,CVE-2020-6487,CVE-2020-6488,CVE-2020-6489,CVE-2020-6490,CVE-2020-6491,CVE-2020-6492,CVE-2020-6493,CVE-2020-6495,CVE-2020-6505,CVE-2020-6507,CVE-2020-6509,CVE-2020-6510,CVE-2020-6511,CVE-2020-6512,CVE-2020-6513,CVE-2020-6514,CVE-2020-6515,CVE-2020-6516,CVE-2020-6517,CVE-2020-6518,CVE-2020-6519,CVE-2020-6520,CVE-2020-6521,CVE-2020-6522,CVE-2020-6523,CVE-2020-6524,CVE-2020-6525,CVE-2020-6526,CVE-2020-6527,CVE-2020-6529,CVE-2020-6530,CVE-2020-6531,CVE-2020-6532,CVE-2020-6533,CVE-2020-6534,CVE-2020-6535,CVE-2020-6536,CVE-2020-6537,CVE-2020-6538,CVE-2020-6539,CVE-2020-6540,CVE-2020-6541,CVE-2020-6542,CVE-2020-6543,CVE-2020-6544,CVE-2020-6545,CVE-2020-6546,CVE-2020-6547,CVE-2020-6548,CVE-2020-6549,CVE-2020-6550,CVE-2020-6551,CVE-2020-6552,CVE-2020-6554,CVE-2020-6555,CVE-2020-6556,CVE-2020-6557,CVE-2020-6559,CVE-2020-6560,CVE-2020-6561,CVE-2020-6562,CVE-2020-6564,CVE-2020-6566,CVE-2020-6567,CVE-2020-6569,CVE-2020-6570,CVE-2020-6571,CVE-2020-6572,CVE-2020-6573,CVE-2020-6575,CVE-2020-6576,CVE-2021-21106,CVE-2021-21108,CVE-2021-21109,CVE-2021-21110,CVE-2021-21111,CVE-2021-21112,CVE-2021-21113,CVE-2021-21114,CVE-2021-21115,CVE-2021-21116,CVE-2021-21117,CVE-2021-21118,CVE-2021-21119,CVE-2021-21120,CVE-2021-21121,CVE-2021-21122,CVE-2021-21123,CVE-2021-21124,CVE-2021-21125,CVE-2021-21126,CVE-2021-21127,CVE-2021-21128,CVE-2021-21129,CVE-2021-21130,CVE-2021-21131,CVE-2021-21132,CVE-2021-21133,CVE-2021-21135,CVE-2021-21137,CVE-2021-21138,CVE-2021-21139,CVE-2021-21140,CVE-2021-21141,CVE-2021-21143,CVE-2021-21144,CVE-2021-21145,CVE-2021-21146,CVE-2021-21147,CVE-2021-21148,CVE-2021-21150,CVE-2021-21151,CVE-2021-21154,CVE-2021-21155,CVE-2021-21156,CVE-2021-21159,CVE-2021-21160,CVE-2021-21161,CVE-2021-21162,CVE-2021-21165,CVE-2021-21166,CVE-2021-21167,CVE-2021-21168,CVE-2021-21169,CVE-2021-21170,CVE-2021-21172,CVE-2021-21173,CVE-2021-21174,CVE-2021-21175,CVE-2021-21176,CVE-2021-21177,CVE-2021-21178,CVE-2021-21180,CVE-2021-21181,CVE-2021-21182,CVE-2021-21183,CVE-2021-21184,CVE-2021-21185,CVE-2021-21187,CVE-2021-21188,CVE-2021-21189,CVE-2021-21190,CVE-2021-21191,CVE-2021-21192,CVE-2021-21193,CVE-2021-21194,CVE-2021-21195,CVE-2021-21196,CVE-2021-21197,CVE-2021-21198,CVE-2021-21199,CVE-2021-21200,CVE-2021-21201,CVE-2021-21202,CVE-2021-21203,CVE-2021-21206,CVE-2021-21207,CVE-2021-21208,CVE-2021-21209,CVE-2021-21210,CVE-2021-21212,CVE-2021-21213,CVE-2021-21214,CVE-2021-21215,CVE-2021-21216,CVE-2021-21217,CVE-2021-21218,CVE-2021-21219,CVE-2021-21220,CVE-2021-21221,CVE-2021-21222,CVE-2021-21223,CVE-2021-21224,CVE-2021-21225,CVE-2021-21226,CVE-2021-21227,CVE-2021-21228,CVE-2021-21230,CVE-2021-21231,CVE-2021-21232,CVE-2021-21233,CVE-2021-30508,CVE-2021-30509,CVE-2021-30510,CVE-2021-30511,CVE-2021-30512,CVE-2021-30513,CVE-2021-30514,CVE-2021-30515,CVE-2021-30516,CVE-2021-30517,CVE-2021-30518,CVE-2021-30519,CVE-2021-30520,CVE-2021-30522,CVE-2021-30523,CVE-2021-30524,CVE-2021-30525,CVE-2021-30526,CVE-2021-30527,CVE-2021-30529,CVE-2021-30530,CVE-2021-30531,CVE-2021-30532,CVE-2021-30533,CVE-2021-30534,CVE-2021-30535,CVE-2021-30536,CVE-2021-30537,CVE-2021-30538,CVE-2021-30539,CVE-2021-30540,CVE-2021-30541,CVE-2021-30542,CVE-2021-30543,CVE-2021-30544,CVE-2021-30545,CVE-2021-30546,CVE-2021-30547,CVE-2021-30548,CVE-2021-30549,CVE-2021-30550,CVE-2021-30551,CVE-2021-30552,CVE-2021-30553,CVE-2021-30554,CVE-2021-30555,CVE-2021-30556,CVE-2021-30557,CVE-2021-30558,CVE-2021-30559,CVE-2021-30560,CVE-2021-30561,CVE-2021-30562,CVE-2021-30563,CVE-2021-30564,CVE-2021-30566,CVE-2021-30567,CVE-2021-30568,CVE-2021-30569,CVE-2021-30571,CVE-2021-30572,CVE-2021-30573,CVE-2021-30574,CVE-2021-30575,CVE-2021-30576,CVE-2021-30577,CVE-2021-30578,CVE-2021-30579,CVE-2021-30580,CVE-2021-30581,CVE-2021-30582,CVE-2021-30584,CVE-2021-30585,CVE-2021-30586,CVE-2021-30587,CVE-2021-30588,CVE-2021-30589,CVE-2021-30590,CVE-2021-30591,CVE-2021-30592,CVE-2021-30593,CVE-2021-30594,CVE-2021-30597,CVE-2021-30598,CVE-2021-30599,CVE-2021-30600,CVE-2021-30601,CVE-2021-30602,CVE-2021-30603,CVE-2021-30604,CVE-2021-30625,CVE-2021-30626,CVE-2021-30627,CVE-2021-30628,CVE-2021-30629,CVE-2021-30630,CVE-2021-30632,CVE-2021-30633,CVE-2021-37956,CVE-2021-37957,CVE-2021-37958,CVE-2021-37959,CVE-2021-37961,CVE-2021-37962,CVE-2021-37963,CVE-2021-37965,CVE-2021-37967,CVE-2021-37968,CVE-2021-37969,CVE-2021-37970,CVE-2021-37971,CVE-2021-37972,CVE-2021-37973,CVE-2021-37974,CVE-2021-37975,CVE-2021-37976,CVE-2021-37977,CVE-2021-37978,CVE-2021-37979,CVE-2021-37980,CVE-2021-37981,CVE-2021-37982,CVE-2021-37983,CVE-2021-37984,CVE-2021-37985,CVE-2021-37986,CVE-2021-37987,CVE-2021-37988,CVE-2021-37989,CVE-2021-37990,CVE-2021-37991,CVE-2021-37992,CVE-2021-37993,CVE-2021-37994,CVE-2021-37995,CVE-2021-37996,CVE-2021-37997,CVE-2021-37998,CVE-2021-37999,CVE-2021-38001,CVE-2021-38002,CVE-2021-38003,CVE-2021-38004,CVE-2021-38005,CVE-2021-38006,CVE-2021-38007,CVE-2021-38008,CVE-2021-38009,CVE-2021-38010,CVE-2021-38011,CVE-2021-38012,CVE-2021-38014,CVE-2021-38015,CVE-2021-38016,CVE-2021-38017,CVE-2021-38018,CVE-2021-38019,CVE-2021-38021,CVE-2021-38022,CVE-2021-38023,CVE-2021-4052,CVE-2021-4053,CVE-2021-4054,CVE-2021-4055,CVE-2021-4056,CVE-2021-4057,CVE-2021-4058,CVE-2021-4059,CVE-2021-4061,CVE-2021-4062,CVE-2021-4063,CVE-2021-4064,CVE-2021-4065,CVE-2021-4066,CVE-2021-4067,CVE-2021-4068,CVE-2021-4078,CVE-2021-4079,CVE-2021-4098,CVE-2021-4099,CVE-2021-4100,CVE-2021-4101,CVE-2021-4102,CVE-2021-4316,CVE-2021-4317,CVE-2021-4318,CVE-2021-4319,CVE-2021-4320,CVE-2021-4321,CVE-2021-4322,CVE-2021-4323,CVE-2021-4324,CVE-2022-0096,CVE-2022-0097,CVE-2022-0098,CVE-2022-0099,CVE-2022-0100,CVE-2022-0101,CVE-2022-0102,CVE-2022-0103,CVE-2022-0104,CVE-2022-0105,CVE-2022-0106,CVE-2022-0108,CVE-2022-0109,CVE-2022-0110,CVE-2022-0111,CVE-2022-0112,CVE-2022-0113,CVE-2022-0114,CVE-2022-0115,CVE-2022-0116,CVE-2022-0117,CVE-2022-0118,CVE-2022-0120,CVE-2022-0289,CVE-2022-0290,CVE-2022-0291,CVE-2022-0292,CVE-2022-0293,CVE-2022-0294,CVE-2022-0295,CVE-2022-0296,CVE-2022-0297,CVE-2022-0298,CVE-2022-0301,CVE-2022-0302,CVE-2022-0304,CVE-2022-0305,CVE-2022-0306,CVE-2022-0307,CVE-2022-0309,CVE-2022-0310,CVE-2022-0311,CVE-2022-0337,CVE-2022-0452,CVE-2022-0453,CVE-2022-0454,CVE-2022-0456,CVE-2022-0457,CVE-2022-0458,CVE-2022-0459,CVE-2022-0460,CVE-2022-0461,CVE-2022-0462,CVE-2022-0463,CVE-2022-0464,CVE-2022-0465,CVE-2022-0466,CVE-2022-0467,CVE-2022-0468,CVE-2022-0469,CVE-2022-0470,CVE-2022-0604,CVE-2022-0605,CVE-2022-0606,CVE-2022-0607,CVE-2022-0608,CVE-2022-0609,CVE-2022-0610,CVE-2022-0789,CVE-2022-0790,CVE-2022-0791,CVE-2022-0792,CVE-2022-0793,CVE-2022-0794,CVE-2022-0795,CVE-2022-0796,CVE-2022-0797,CVE-2022-0798,CVE-2022-0799,CVE-2022-0800,CVE-2022-0801,CVE-2022-0802,CVE-2022-0803,CVE-2022-0804,CVE-2022-0805,CVE-2022-0806,CVE-2022-0807,CVE-2022-0808,CVE-2022-0809,CVE-2022-0973,CVE-2022-0974,CVE-2022-0975,CVE-2022-0976,CVE-2022-0977,CVE-2022-0978,CVE-2022-0979,CVE-2022-0980,CVE-2022-1096,CVE-2022-1125,CVE-2022-1127,CVE-2022-1128,CVE-2022-1131,CVE-2022-1133,CVE-2022-1134,CVE-2022-1135,CVE-2022-1136,CVE-2022-1137,CVE-2022-1138,CVE-2022-1139,CVE-2022-1141,CVE-2022-1142,CVE-2022-1143,CVE-2022-1144,CVE-2022-1145,CVE-2022-1146,CVE-2022-1232,CVE-2022-1305,CVE-2022-1306,CVE-2022-1308,CVE-2022-1309,CVE-2022-1310,CVE-2022-1312,CVE-2022-1313,CVE-2022-1314,CVE-2022-1364,CVE-2022-1477,CVE-2022-1478,CVE-2022-1479,CVE-2022-1482,CVE-2022-1483,CVE-2022-1484,CVE-2022-1485,CVE-2022-1486,CVE-2022-1487,CVE-2022-1488,CVE-2022-1490,CVE-2022-1491,CVE-2022-1492,CVE-2022-1493,CVE-2022-1494,CVE-2022-1496,CVE-2022-1497,CVE-2022-1498,CVE-2022-1499,CVE-2022-1500,CVE-2022-1501,CVE-2022-1638,CVE-2022-1639,CVE-2022-1640,CVE-2022-1853,CVE-2022-1854,CVE-2022-1855,CVE-2022-1856,CVE-2022-1857,CVE-2022-1858,CVE-2022-1859,CVE-2022-1860,CVE-2022-1861,CVE-2022-1862,CVE-2022-1863,CVE-2022-1864,CVE-2022-1865,CVE-2022-1866,CVE-2022-1867,CVE-2022-1868,CVE-2022-1869,CVE-2022-1870,CVE-2022-1871,CVE-2022-1872,CVE-2022-1873,CVE-2022-1875,CVE-2022-1876,CVE-2022-1919,CVE-2022-2007,CVE-2022-2008,CVE-2022-2010,CVE-2022-2011,CVE-2022-2156,CVE-2022-2157,CVE-2022-2158,CVE-2022-2160,CVE-2022-2161,CVE-2022-2162,CVE-2022-2163,CVE-2022-2164,CVE-2022-2165,CVE-2022-2294,CVE-2022-2295,CVE-2022-2399,CVE-2022-2415,CVE-2022-2477,CVE-2022-2478,CVE-2022-2480,CVE-2022-2481,CVE-2022-2603,CVE-2022-2604,CVE-2022-2605,CVE-2022-2606,CVE-2022-2610,CVE-2022-2612,CVE-2022-2614,CVE-2022-2615,CVE-2022-2616,CVE-2022-2617,CVE-2022-2618,CVE-2022-2619,CVE-2022-2621,CVE-2022-2622,CVE-2022-2624,CVE-2022-2743,CVE-2022-2852,CVE-2022-2854,CVE-2022-2855,CVE-2022-2856,CVE-2022-2857,CVE-2022-2858,CVE-2022-2859,CVE-2022-2860,CVE-2022-2861,CVE-2022-2998,CVE-2022-3038,CVE-2022-3039,CVE-2022-3040,CVE-2022-3041,CVE-2022-3044,CVE-2022-3045,CVE-2022-3046,CVE-2022-3047,CVE-2022-3054,CVE-2022-3055,CVE-2022-3056,CVE-2022-3057,CVE-2022-3058,CVE-2022-3075,CVE-2022-3195,CVE-2022-3196,CVE-2022-3197,CVE-2022-3198,CVE-2022-3199,CVE-2022-3200,CVE-2022-3304,CVE-2022-3307,CVE-2022-3308,CVE-2022-3311,CVE-2022-3312,CVE-2022-3313,CVE-2022-3314,CVE-2022-3315,CVE-2022-3316,CVE-2022-3370,CVE-2022-3373,CVE-2022-3443,CVE-2022-3444,CVE-2022-3445,CVE-2022-3446,CVE-2022-3448,CVE-2022-3449,CVE-2022-3450,CVE-2022-3652,CVE-2022-3653,CVE-2022-3654,CVE-2022-3655,CVE-2022-3656,CVE-2022-3657,CVE-2022-3661,CVE-2022-3723,CVE-2022-3842,CVE-2022-3863,CVE-2022-3885,CVE-2022-3886,CVE-2022-3887,CVE-2022-3888,CVE-2022-3889,CVE-2022-4025,CVE-2022-4135,CVE-2022-4174,CVE-2022-4175,CVE-2022-4177,CVE-2022-4178,CVE-2022-4179,CVE-2022-4180,CVE-2022-4181,CVE-2022-4182,CVE-2022-4183,CVE-2022-4184,CVE-2022-4186,CVE-2022-4187,CVE-2022-4189,CVE-2022-4190,CVE-2022-4191,CVE-2022-4192,CVE-2022-4193,CVE-2022-4194,CVE-2022-4195,CVE-2022-4262,CVE-2022-4436,CVE-2022-4437,CVE-2022-4438,CVE-2022-4439,CVE-2022-4440,CVE-2022-4452,CVE-2022-4906,CVE-2022-4907,CVE-2022-4908,CVE-2022-4909,CVE-2022-4910,CVE-2022-4911,CVE-2022-4912,CVE-2022-4913,CVE-2022-4914,CVE-2022-4915,CVE-2022-4916,CVE-2022-4918,CVE-2022-4919,CVE-2022-4920,CVE-2022-4921,CVE-2022-4922,CVE-2022-4923,CVE-2022-4924,CVE-2022-4925,CVE-2022-4955,CVE-2023-0129,CVE-2023-0131,CVE-2023-0132,CVE-2023-0134,CVE-2023-0135,CVE-2023-0138,CVE-2023-0139,CVE-2023-0140,CVE-2023-0141,CVE-2023-0471,CVE-2023-0472,CVE-2023-0473,CVE-2023-0474,CVE-2023-0696,CVE-2023-0698,CVE-2023-0699,CVE-2023-0700,CVE-2023-0701,CVE-2023-0702,CVE-2023-0703,CVE-2023-0704,CVE-2023-0705,CVE-2023-0928,CVE-2023-0929,CVE-2023-0930,CVE-2023-0931,CVE-2023-0932,CVE-2023-0933,CVE-2023-0941,CVE-2023-1213,CVE-2023-1214,CVE-2023-1215,CVE-2023-1216,CVE-2023-1217,CVE-2023-1218,CVE-2023-1219,CVE-2023-1220,CVE-2023-1221,CVE-2023-1222,CVE-2023-1224,CVE-2023-1226,CVE-2023-1229,CVE-2023-1232,CVE-2023-1233,CVE-2023-1235,CVE-2023-1236,CVE-2023-1528,CVE-2023-1529,CVE-2023-1530,CVE-2023-1531,CVE-2023-1532,CVE-2023-1533,CVE-2023-1534,CVE-2023-1810,CVE-2023-1811,CVE-2023-1812,CVE-2023-1813,CVE-2023-1814,CVE-2023-1815,CVE-2023-1816,CVE-2023-1817,CVE-2023-1818,CVE-2023-1819,CVE-2023-1820,CVE-2023-1821,CVE-2023-1822,CVE-2023-1823,CVE-2023-2033,CVE-2023-2133,CVE-2023-2134,CVE-2023-2135,CVE-2023-2136,CVE-2023-2137,CVE-2023-2311,CVE-2023-2313,CVE-2023-2314,CVE-2023-2459,CVE-2023-2460,CVE-2023-2462,CVE-2023-2464,CVE-2023-2465,CVE-2023-2466,CVE-2023-2468,CVE-2023-2721,CVE-2023-2723,CVE-2023-2724,CVE-2023-2725,CVE-2023-2726,CVE-2023-2929,CVE-2023-2930,CVE-2023-2931,CVE-2023-2932,CVE-2023-2933,CVE-2023-2934,CVE-2023-2935,CVE-2023-2936,CVE-2023-2937,CVE-2023-2938,CVE-2023-2939,CVE-2023-2940,CVE-2023-2941,CVE-2023-3079,CVE-2023-3214,CVE-2023-3215,CVE-2023-3216,CVE-2023-3217,CVE-2023-3420,CVE-2023-3421,CVE-2023-3422,CVE-2023-3598,CVE-2023-3727,CVE-2023-3728,CVE-2023-3730,CVE-2023-3732,CVE-2023-3733,CVE-2023-3734,CVE-2023-3735,CVE-2023-3737,CVE-2023-3738,CVE-2023-3740,CVE-2023-4068,CVE-2023-4069,CVE-2023-4070,CVE-2023-4071,CVE-2023-4072,CVE-2023-4074,CVE-2023-4075,CVE-2023-4076,CVE-2023-4077,CVE-2023-4078,CVE-2023-4349,CVE-2023-4351,CVE-2023-4352,CVE-2023-4353,CVE-2023-4354,CVE-2023-4355,CVE-2023-4356,CVE-2023-4357,CVE-2023-4358,CVE-2023-4360,CVE-2023-4362,CVE-2023-4364,CVE-2023-4365,CVE-2023-4366,CVE-2023-4367,CVE-2023-4368,CVE-2023-4427,CVE-2023-4428,CVE-2023-4429,CVE-2023-4430,CVE-2023-4431,CVE-2023-4572,CVE-2023-4761,CVE-2023-4762,CVE-2023-4763,CVE-2023-4764,CVE-2023-4860,CVE-2023-4863,CVE-2023-4901,CVE-2023-4902,CVE-2023-4904,CVE-2023-4905,CVE-2023-4906,CVE-2023-4908,CVE-2023-4909,CVE-2023-5186,CVE-2023-5187,CVE-2023-5217,CVE-2023-5218,CVE-2023-5346,CVE-2023-5472,CVE-2023-5473,CVE-2023-5474,CVE-2023-5475,CVE-2023-5476,CVE-2023-5477,CVE-2023-5478,CVE-2023-5479,CVE-2023-5480,CVE-2023-5481,CVE-2023-5482,CVE-2023-5483,CVE-2023-5484,CVE-2023-5485,CVE-2023-5486,CVE-2023-5487,CVE-2023-5849,CVE-2023-5850,CVE-2023-5851,CVE-2023-5852,CVE-2023-5853,CVE-2023-5854,CVE-2023-5855,CVE-2023-5856,CVE-2023-5857,CVE-2023-5858,CVE-2023-5859,CVE-2023-5996,CVE-2023-5997,CVE-2023-6112,CVE-2023-6345,CVE-2023-6346,CVE-2023-6347,CVE-2023-6348,CVE-2023-6350,CVE-2023-6351,CVE-2023-6508,CVE-2023-6509,CVE-2023-6510,CVE-2023-6511,CVE-2023-6512,CVE-2023-6702,CVE-2023-6703,CVE-2023-6704,CVE-2023-6705,CVE-2023-6706,CVE-2023-6707,CVE-2023-7010,CVE-2023-7011,CVE-2023-7012,CVE-2023-7013,CVE-2023-7024,CVE-2023-7281,CVE-2023-7282,CVE-2024-0222,CVE-2024-0223,CVE-2024-0224,CVE-2024-0225,CVE-2024-0333,CVE-2024-0517,CVE-2024-0518,CVE-2024-0519,CVE-2024-0804,CVE-2024-0805,CVE-2024-0806,CVE-2024-0807,CVE-2024-0808,CVE-2024-0809,CVE-2024-0810,CVE-2024-0811,CVE-2024-0812,CVE-2024-0813,CVE-2024-0814,CVE-2024-10229,CVE-2024-10230,CVE-2024-10231,CVE-2024-10487,CVE-2024-10488,CVE-2024-1059,CVE-2024-1060,CVE-2024-1077,CVE-2024-10827,CVE-2024-11110,CVE-2024-11111,CVE-2024-11112,CVE-2024-11113,CVE-2024-11114,CVE-2024-11116,CVE-2024-11117,CVE-2024-11395,CVE-2024-12053,CVE-2024-12381,CVE-2024-12382,CVE-2024-12692,CVE-2024-12693,CVE-2024-12694,CVE-2024-12695,CVE-2024-1283,CVE-2024-1284,CVE-2024-13178,CVE-2024-1669,CVE-2024-1670,CVE-2024-1671,CVE-2024-1672,CVE-2024-1673,CVE-2024-1674,CVE-2024-1675,CVE-2024-1676,CVE-2024-1938,CVE-2024-1939,CVE-2024-2173,CVE-2024-2174,CVE-2024-2176,CVE-2024-2400,CVE-2024-2625,CVE-2024-2626,CVE-2024-2627,CVE-2024-2628,CVE-2024-2629,CVE-2024-2630,CVE-2024-2631,CVE-2024-2883,CVE-2024-2884,CVE-2024-2885,CVE-2024-2886,CVE-2024-2887,CVE-2024-3156,CVE-2024-3157,CVE-2024-3158,CVE-2024-3159,CVE-2024-3168,CVE-2024-3169,CVE-2024-3170,CVE-2024-3171,CVE-2024-3172,CVE-2024-3173,CVE-2024-3174,CVE-2024-3175,CVE-2024-3176,CVE-2024-3515,CVE-2024-3516,CVE-2024-3832,CVE-2024-3833,CVE-2024-3834,CVE-2024-3837,CVE-2024-3838,CVE-2024-3839,CVE-2024-3840,CVE-2024-3841,CVE-2024-3843,CVE-2024-3844,CVE-2024-3845,CVE-2024-3846,CVE-2024-3847,CVE-2024-3914,CVE-2024-4058,CVE-2024-4059,CVE-2024-4060,CVE-2024-4331,CVE-2024-4368,CVE-2024-4558,CVE-2024-4559,CVE-2024-4671,CVE-2024-4761,CVE-2024-4947,CVE-2024-4948,CVE-2024-4949,CVE-2024-4950,CVE-2024-5157,CVE-2024-5158,CVE-2024-5159,CVE-2024-5160,CVE-2024-5274,CVE-2024-5494,CVE-2024-5495,CVE-2024-5496,CVE-2024-5497,CVE-2024-5498,CVE-2024-5499,CVE-2024-5500,CVE-2024-5830,CVE-2024-5831,CVE-2024-5832,CVE-2024-5833,CVE-2024-5834,CVE-2024-5835,CVE-2024-5836,CVE-2024-5837,CVE-2024-5838,CVE-2024-5839,CVE-2024-5840,CVE-2024-5841,CVE-2024-5842,CVE-2024-5843,CVE-2024-5844,CVE-2024-5845,CVE-2024-5846,CVE-2024-5847,CVE-2024-6100,CVE-2024-6101,CVE-2024-6102,CVE-2024-6103,CVE-2024-6290,CVE-2024-6291,CVE-2024-6292,CVE-2024-6293,CVE-2024-6772,CVE-2024-6774,CVE-2024-6775,CVE-2024-6776,CVE-2024-6777,CVE-2024-6778,CVE-2024-6779,CVE-2024-6989,CVE-2024-6990,CVE-2024-6991,CVE-2024-6994,CVE-2024-6996,CVE-2024-6997,CVE-2024-6998,CVE-2024-6999,CVE-2024-7000,CVE-2024-7001,CVE-2024-7003,CVE-2024-7004,CVE-2024-7005,CVE-2024-7017,CVE-2024-7018,CVE-2024-7019,CVE-2024-7020,CVE-2024-7021,CVE-2024-7022,CVE-2024-7023,CVE-2024-7024,CVE-2024-7025,CVE-2024-7255,CVE-2024-7532,CVE-2024-7534,CVE-2024-7535,CVE-2024-7536,CVE-2024-7550,CVE-2024-7965,CVE-2024-7966,CVE-2024-7967,CVE-2024-7968,CVE-2024-7969,CVE-2024-7970,CVE-2024-7971,CVE-2024-7972,CVE-2024-7973,CVE-2024-7974,CVE-2024-7975,CVE-2024-7976,CVE-2024-7977,CVE-2024-7978,CVE-2024-7979,CVE-2024-7980,CVE-2024-7981,CVE-2024-8033,CVE-2024-8035,CVE-2024-8193,CVE-2024-8194,CVE-2024-8198,CVE-2024-8362,CVE-2024-8636,CVE-2024-8638,CVE-2024-8904,CVE-2024-8905,CVE-2024-8906,CVE-2024-8908,CVE-2024-9120,CVE-2024-9121,CVE-2024-9122,CVE-2024-9123,CVE-2024-9369,CVE-2024-9602,CVE-2024-9603,CVE-2024-9859,CVE-2024-9954,CVE-2024-9955,CVE-2024-9958,CVE-2024-9959,CVE-2024-9960,CVE-2024-9962,CVE-2024-9963,CVE-2024-9964,CVE-2024-9965,CVE-2024-9966,CVE-2025-0291,CVE-2025-0434,CVE-2025-0436,CVE-2025-0437,CVE-2025-0438,CVE-2025-0439,CVE-2025-0440,CVE-2025-0441,CVE-2025-0442,CVE-2025-0443,CVE-2025-0444,CVE-2025-0445,CVE-2025-0446,CVE-2025-0447,CVE-2025-0448,CVE-2025-0451,CVE-2025-0611,CVE-2025-0612,CVE-2025-0762,CVE-2025-0995,CVE-2025-0996,CVE-2025-0997,CVE-2025-0999,CVE-2025-1006,CVE-2025-10200,CVE-2025-10500,CVE-2025-10501,CVE-2025-10502,CVE-2025-10585,CVE-2025-10890,CVE-2025-10891,CVE-2025-10892,CVE-2025-11205,CVE-2025-11206,CVE-2025-11207,CVE-2025-11208,CVE-2025-11210,CVE-2025-11211,CVE-2025-11212,CVE-2025-11215,CVE-2025-11219,CVE-2025-11458,CVE-2025-11460,CVE-2025-11756,CVE-2025-12036,CVE-2025-12428,CVE-2025-12429,CVE-2025-12430,CVE-2025-12431,CVE-2025-12432,CVE-2025-12433,CVE-2025-12434,CVE-2025-12436,CVE-2025-12437,CVE-2025-12439,CVE-2025-12440,CVE-2025-12441,CVE-2025-12443,CVE-2025-12444,CVE-2025-12445,CVE-2025-12446,CVE-2025-12725,CVE-2025-12726,CVE-2025-12727,CVE-2025-12728,CVE-2025-12905,CVE-2025-12906,CVE-2025-12907,CVE-2025-12909,CVE-2025-12910,CVE-2025-12911,CVE-2025-13042,CVE-2025-13097,CVE-2025-13107,CVE-2025-13223,CVE-2025-13224,CVE-2025-13226,CVE-2025-13227,CVE-2025-13228,CVE-2025-13229,CVE-2025-13230,CVE-2025-13630,CVE-2025-13631,CVE-2025-13632,CVE-2025-13633,CVE-2025-13634,CVE-2025-13635,CVE-2025-13636,CVE-2025-13637,CVE-2025-13638,CVE-2025-13639,CVE-2025-13640,CVE-2025-13720,CVE-2025-13721,CVE-2025-13992,CVE-2025-14174,CVE-2025-1426,CVE-2025-14372,CVE-2025-14373,CVE-2025-14765,CVE-2025-14766,CVE-2025-1914,CVE-2025-1915,CVE-2025-1916,CVE-2025-1918,CVE-2025-1919,CVE-2025-1920,CVE-2025-1921,CVE-2025-1923,CVE-2025-2135,CVE-2025-2136,CVE-2025-2137,CVE-2025-2476,CVE-2025-2783,CVE-2025-3066,CVE-2025-3068,CVE-2025-3069,CVE-2025-3070,CVE-2025-3071,CVE-2025-3072,CVE-2025-3073,CVE-2025-3074,CVE-2025-3619,CVE-2025-3620,CVE-2025-4050,CVE-2025-4051,CVE-2025-4052,CVE-2025-4096,CVE-2025-4372,CVE-2025-4609,CVE-2025-4664,CVE-2025-5063,CVE-2025-5064,CVE-2025-5065,CVE-2025-5066,CVE-2025-5067,CVE-2025-5068,CVE-2025-5280,CVE-2025-5281,CVE-2025-5283,CVE-2025-5419,CVE-2025-5958,CVE-2025-5959,CVE-2025-6191,CVE-2025-6192,CVE-2025-6554,CVE-2025-6555,CVE-2025-6556,CVE-2025-6557,CVE-2025-6558,CVE-2025-7656,CVE-2025-7657,CVE-2025-8010,CVE-2025-8011,CVE-2025-8292,CVE-2025-8576,CVE-2025-8577,CVE-2025-8578,CVE-2025-8579,CVE-2025-8580,CVE-2025-8581,CVE-2025-8582,CVE-2025-8583,CVE-2025-8879,CVE-2025-8880,CVE-2025-8881,CVE-2025-8882,CVE-2025-8901,CVE-2025-9132,CVE-2025-9478,CVE-2025-9479,CVE-2025-9866,CVE-2026-0628,CVE-2026-0899,CVE-2026-0900,CVE-2026-0901,CVE-2026-0902,CVE-2026-0903,CVE-2026-0904,CVE-2026-0905,CVE-2026-0906,CVE-2026-0907,CVE-2026-0908,CVE-2026-1504,CVE-2026-1861,CVE-2026-1862,CVE-2026-2313,CVE-2026-2314,CVE-2026-2315,CVE-2026-2316,CVE-2026-2317,CVE-2026-2318,CVE-2026-2319,CVE-2026-2320,CVE-2026-2321,CVE-2026-2322,CVE-2026-2323,CVE-2026-2441,CVE-2026-2648,CVE-2026-2649,CVE-2026-2650,CVE-2026-3061,CVE-2026-3062,CVE-2026-3063,CVE-2026-3536,CVE-2026-3538,CVE-2026-3539,CVE-2026-3540,CVE-2026-3541,CVE-2026-3542,CVE-2026-3543,CVE-2026-3544,CVE-2026-3545,CVE-2026-3909,CVE-2026-3910,CVE-2026-3913,CVE-2026-3914,CVE-2026-3915,CVE-2026-3916,CVE-2026-3917,CVE-2026-3918,CVE-2026-3919,CVE-2026-3920,CVE-2026-3921,CVE-2026-3922,CVE-2026-3923,CVE-2026-3924,CVE-2026-3925,CVE-2026-3926,CVE-2026-3927,CVE-2026-3928,CVE-2026-3929,CVE-2026-3930,CVE-2026-3931,CVE-2026-3932,CVE-2026-3934,CVE-2026-3935,CVE-2026-3936,CVE-2026-3937,CVE-2026-3938,CVE-2026-3939,CVE-2026-3940,CVE-2026-3941,CVE-2026-3942,CVE-2026-4439,CVE-2026-4440,CVE-2026-4441,CVE-2026-4442,CVE-2026-4443,CVE-2026-4444,CVE-2026-4445,CVE-2026-4446,CVE-2026-4447,CVE-2026-4448,CVE-2026-4449,CVE-2026-4450,CVE-2026-4451,CVE-2026-4452,CVE-2026-4454,CVE-2026-4455,CVE-2026-4456,CVE-2026-4457,CVE-2026-4458,CVE-2026-4459,CVE-2026-4460,CVE-2026-4461,CVE-2026-4462,CVE-2026-4463,CVE-2026-4464,CVE-2026-4673,CVE-2026-4674,CVE-2026-4675,CVE-2026-4676,CVE-2026-4677,CVE-2026-4678,CVE-2026-4679,CVE-2026-4680,CVE-2026-5272,CVE-2026-5273,CVE-2026-5274,CVE-2026-5275,CVE-2026-5276,CVE-2026-5277,CVE-2026-5278,CVE-2026-5279,CVE-2026-5280,CVE-2026-5281,CVE-2026-5282,CVE-2026-5283,CVE-2026-5284,CVE-2026-5285,CVE-2026-5286,CVE-2026-5287,CVE-2026-5288,CVE-2026-5289,CVE-2026-5290,CVE-2026-5291,CVE-2026-5292,CVE-2026-5858,CVE-2026-5859,CVE-2026-5860,CVE-2026-5861,CVE-2026-5862,CVE-2026-5863,CVE-2026-5864,CVE-2026-5865,CVE-2026-5866,CVE-2026-5867,CVE-2026-5869,CVE-2026-5870,CVE-2026-5871,CVE-2026-5872,CVE-2026-5873,CVE-2026-5874,CVE-2026-5875,CVE-2026-5876,CVE-2026-5877,CVE-2026-5878,CVE-2026-5880,CVE-2026-5881,CVE-2026-5882,CVE-2026-5883,CVE-2026-5884,CVE-2026-5885,CVE-2026-5887,CVE-2026-5888,CVE-2026-5889,CVE-2026-5890,CVE-2026-5891,CVE-2026-5892,CVE-2026-5893,CVE-2026-5894,CVE-2026-5895,CVE-2026-5896,CVE-2026-5897,CVE-2026-5898,CVE-2026-5899,CVE-2026-5900,CVE-2026-5901,CVE-2026-5902,CVE-2026-5903,CVE-2026-5904,CVE-2026-5905,CVE-2026-5906,CVE-2026-5907,CVE-2026-5908,CVE-2026-5909,CVE-2026-5910,CVE-2026-5911,CVE-2026-5912,CVE-2026-5913,CVE-2026-5914,CVE-2026-5915,CVE-2026-5918,CVE-2026-5919,CVE-2026-6296,CVE-2026-6297,CVE-2026-6298,CVE-2026-6299,CVE-2026-6300,CVE-2026-6301,CVE-2026-6302,CVE-2026-6303,CVE-2026-6304,CVE-2026-6305,CVE-2026-6306,CVE-2026-6307,CVE-2026-6308,CVE-2026-6309,CVE-2026-6310,CVE-2026-6311,CVE-2026-6312,CVE-2026-6313,CVE-2026-6314,CVE-2026-6316,CVE-2026-6317,CVE-2026-6318,CVE-2026-6359,CVE-2026-6360,CVE-2026-6361,CVE-2026-6362,CVE-2026-6363,CVE-2026-6364,CVE-2026-6919,CVE-2026-6920,CVE-2026-6921,CVE-2026-7333,CVE-2026-7334,CVE-2026-7335,CVE-2026-7336,CVE-2026-7337,CVE-2026-7338,CVE-2026-7339,CVE-2026-7340,CVE-2026-7341,CVE-2026-7342,CVE-2026-7343,CVE-2026-7344,CVE-2026-7345,CVE-2026-7346,CVE-2026-7347,CVE-2026-7348,CVE-2026-7349,CVE-2026-7350,CVE-2026-7351,CVE-2026-7352,CVE-2026-7353,CVE-2026-7354,CVE-2026-7355,CVE-2026-7356,CVE-2026-7357,CVE-2026-7358,CVE-2026-7359,CVE-2026-7360,CVE-2026-7361,CVE-2026-7363,CVE-2026-7896,CVE-2026-7899,CVE-2026-7900,CVE-2026-7902,CVE-2026-7903,CVE-2026-7904,CVE-2026-7906,CVE-2026-7907,CVE-2026-7908,CVE-2026-7909,CVE-2026-7910,CVE-2026-7911,CVE-2026-7914,CVE-2026-7916,CVE-2026-7917,CVE-2026-7918,CVE-2026-7919,CVE-2026-7920,CVE-2026-7921,CVE-2026-7922,CVE-2026-7923,CVE-2026-7924,CVE-2026-7925,CVE-2026-7926,CVE-2026-7927,CVE-2026-7928,CVE-2026-7929,CVE-2026-7930,CVE-2026-7932,CVE-2026-7933,CVE-2026-7934,CVE-2026-7935,CVE-2026-7936,CVE-2026-7937,CVE-2026-7938,CVE-2026-7939,CVE-2026-7940,CVE-2026-7942,CVE-2026-7943,CVE-2026-7944,CVE-2026-7945,CVE-2026-7946,CVE-2026-7947,CVE-2026-7948,CVE-2026-7949,CVE-2026-7950,CVE-2026-7951,CVE-2026-7952,CVE-2026-7953,CVE-2026-7954,CVE-2026-7955,CVE-2026-7956,CVE-2026-7958,CVE-2026-7959,CVE-2026-7960,CVE-2026-7961,CVE-2026-7962,CVE-2026-7963,CVE-2026-7964,CVE-2026-7965,CVE-2026-7966,CVE-2026-7967,CVE-2026-7968,CVE-2026-7969,CVE-2026-7970,CVE-2026-7971,CVE-2026-7972,CVE-2026-7973,CVE-2026-7974,CVE-2026-7975,CVE-2026-7976,CVE-2026-7977,CVE-2026-7979,CVE-2026-7980,CVE-2026-7981,CVE-2026-7982,CVE-2026-7983,CVE-2026-7984,CVE-2026-7985,CVE-2026-7986,CVE-2026-7987,CVE-2026-7988,CVE-2026-7989,CVE-2026-7990,CVE-2026-7991,CVE-2026-7994,CVE-2026-7995,CVE-2026-7996,CVE-2026-7998,CVE-2026-7999,CVE-2026-8000,CVE-2026-8002,CVE-2026-8003,CVE-2026-8004,CVE-2026-8005,CVE-2026-8006,CVE-2026-8007,CVE-2026-8008,CVE-2026-8009,CVE-2026-8010,CVE-2026-8011,CVE-2026-8012,CVE-2026-8013,CVE-2026-8014,CVE-2026-8015,CVE-2026-8016,CVE-2026-8017,CVE-2026-8018,CVE-2026-8019,CVE-2026-8021,CVE-2026-8022,CVE-2026-8509,CVE-2026-8510,CVE-2026-8511,CVE-2026-8512,CVE-2026-8514,CVE-2026-8515,CVE-2026-8516,CVE-2026-8518,CVE-2026-8519,CVE-2026-8520,CVE-2026-8521,CVE-2026-8523,CVE-2026-8524,CVE-2026-8526,CVE-2026-8527,CVE-2026-8528,CVE-2026-8529,CVE-2026-8530,CVE-2026-8531,CVE-2026-8532,CVE-2026-8533,CVE-2026-8537,CVE-2026-8538,CVE-2026-8540,CVE-2026-8541,CVE-2026-8542,CVE-2026-8544,CVE-2026-8545,CVE-2026-8546,CVE-2026-8547,CVE-2026-8548,CVE-2026-8549,CVE-2026-8550,CVE-2026-8551,CVE-2026-8553,CVE-2026-8554,CVE-2026-8555,CVE-2026-8556,CVE-2026-8557,CVE-2026-8558,CVE-2026-8559,CVE-2026-8561,CVE-2026-8562,CVE-2026-8563,CVE-2026-8567,CVE-2026-8568,CVE-2026-8570,CVE-2026-8573,CVE-2026-8574,CVE-2026-8575,CVE-2026-8577,CVE-2026-8579,CVE-2026-8580,CVE-2026-8581,CVE-2026-8582,CVE-2026-8586,CVE-2026-9110,CVE-2026-9111,CVE-2026-9112,CVE-2026-9113,CVE-2026-9114,CVE-2026-9115,CVE-2026-9116,CVE-2026-9118,CVE-2026-9119,CVE-2026-9120,CVE-2026-9121,CVE-2026-9124,CVE-2026-9126","","https://support.google.com/chrome/answer/95414?hl=en&co=GENIE.Platform%3DDesktop#zippy=%2Cwindows"
"65ebcae3d69e4c2a8e778392810138a6","McAfee, LLC","WebAdvisor 由 McAfee 提供","","Software","Solution",,"CVE-2022-0815","",""
"93cb8521fbdf4bbcaa2b4879a7f1556c","Oracle and/or its affiliates","Oracle VirtualBox","7.2.4","Software","File",,"CVE-2024-21248,CVE-2024-21259,CVE-2024-21263,CVE-2024-21273,CVE-2025-21533,CVE-2025-21571,CVE-2025-30719,CVE-2025-30725,CVE-2025-53024,CVE-2025-53025,CVE-2025-53026,CVE-2025-53027,CVE-2025-53028,CVE-2025-53029,CVE-2025-53030","","https://download.virtualbox.org/virtualbox/7.2.4/VirtualBox-7.2.4-170995-Win.exe"
"94dbca20f68b42548b47628f3ef3779e","Microsoft Corporation","PowerShell 7.5.3.0-x64","7.5.10","Software","File","Name:PowerShell 7.5.3.0-x64,Version:7.5.3.0","CVE-2025-25004,CVE-2026-26143,CVE-2026-26171,CVE-2026-70337,CVE-2026-70338","","https://github.com/PowerShell/PowerShell/releases/download/v7.5.10/PowerShell-7.5.10-win-x64.msi"
"963024852c1d42c0902f4c963f62e74f","Igor Pavlov","7-Zip 18.05 (x64)","24.07","Software","File",,,"","https://7-zip.org/download.html"
"afa0788d7ca54ad092421ed2dd0e0275","Microsoft Corporation","Microsoft Edge","","Software","Solution","Name:Microsoft Edge,Version:150.0.4078.48;Name:Microsoft Edge,Version:149.0.4022.69;Name:Microsoft Edge,Version:149.0.4022.80;Name:Microsoft Edge,Version:149.0.4022.98","CVE-2026-45488,CVE-2026-45489,CVE-2026-55945,CVE-2026-56645,CVE-2026-56646,CVE-2026-57974,CVE-2026-57975,CVE-2026-57977,CVE-2026-57981,CVE-2026-57983,CVE-2026-57984,CVE-2026-57985,CVE-2026-57986,CVE-2026-57987,CVE-2026-57988,CVE-2026-57991,CVE-2026-57992,CVE-2026-57993,CVE-2026-58276,CVE-2026-58278,CVE-2026-58281,CVE-2026-58282,CVE-2026-58283,CVE-2026-58284,CVE-2026-58285,CVE-2026-58286,CVE-2026-58287,CVE-2026-58288,CVE-2026-58289,CVE-2026-58290,CVE-2026-58291,CVE-2026-58292,CVE-2026-58293,CVE-2026-58294,CVE-2026-58295,CVE-2026-58298,CVE-2026-58524,CVE-2026-58525,CVE-2026-58596,CVE-2026-58597","",""
"bb23a7b0ccdf4af5ad022b59e39b7b4c","The Wireshark developer community, https://www.wireshark.org","Wireshark 4.4.3 x64","4.4.6","Software","File",,"CVE-2025-1492","","https://www.wireshark.org/download.html"
"c7934d6c9e184271ab8cf4f377063617","Igor Pavlov","7-Zip 24.09 (x64)","25.01","Software","File",,"CVE-2025-53816,CVE-2025-53817,CVE-2025-55188","","https://www.7-zip.org/a/7z2501-x64.exe"
"d0a62feb9a80454f873d331a1c641e08","Microsoft Corporation","Microsoft Edge","","Software","Solution","Name:Microsoft Edge,Version:150.0.4078.65","CVE-2026-57980","",""
"d1f4dd71a567466881dce360a377d4fe","Microsoft Corporation","PowerShell 7-x64","7.5.10","Software","File","Name:PowerShell 7-x64,Version:7.5.5.0;Name:PowerShell 7-x64,Version:7.5.4.0;Name:PowerShell 7-x64,Version:7.5.3.0","CVE-2025-25004,CVE-2026-26143,CVE-2026-26171,CVE-2026-70337,CVE-2026-70338","","https://github.com/PowerShell/PowerShell/releases/download/v7.5.10/PowerShell-7.5.10-win-x64.msi"
"de73fd825db645768f284f6e6de0507d","Igor Pavlov","7-Zip 20.00 alpha (x64)","26.00","Software","File","Name:7-Zip 22.01 (x64),Version:22.01;Name:7-Zip 20.02 alpha (x64),Version:20.02 alpha;Name:7-Zip 18.05 (x64),Version:18.05;Name:7-Zip 23.00 (x64),Version:23.00;Name:7-Zip 19.00 (x64 edition),Version:19.00.00.0;Name:7-Zip 18.01 (x64),Version:18.01;Name:7-Zip 24.09 (x64 edition),Version:24.09.00.0;Name:7-Zip 23.01 (x64),Version:23.01;Name:7-Zip 21.07 (x64),Version:21.07;Name:7-Zip 21.05 (x64),Version:21.05;Name:7-Zip 24.08 (x64 edition),Version:24.08.00.0;Name:7-Zip 21.06 (x64),Version:21.06;Name:7-Zip 18.06 (x64),Version:18.06;Name:7-Zip 25.00 (x64),Version:25.00;Name:7-Zip 24.08 (x64),Version:24.08;Name:7-Zip 9.20 (x64 edition),Version:9.20.00.0;Name:7-Zip 18.06 (x64 edition),Version:18.06.00.0;Name:7-Zip 23.01 (x64 edition),Version:23.01.00.0;Name:7-Zip 24.04 (x64),Version:24.04;Name:7-Zip 18.05 (x64 edition),Version:18.05.00.0;Name:7-Zip 24.06 (x64),Version:24.06;Name:7-Zip 24.07 (x64),Version:24.07;Name:7-Zip 20.00 alpha (x64),Version:20.00 alpha;Name:7-Zip 21.02 alpha (x64),Version:21.02 alpha;Name:7-Zip 22.00 (x64),Version:22.00;Name:7-Zip 22.00 (x64 edition),Version:22.00.00.0;Name:7-Zip 16.04 (x64),Version:16.04;Name:7-Zip 19.00 (x64),Version:19;Name:7-Zip 22.00 (x64),Version:22;Name:7-Zip 21.07 (x64 edition),Version:21.07.00.0;Name:7-Zip,Version:19.00;Name:7-Zip 22.01 (x64 edition),Version:22.01.00.0;Name:7-Zip 24.09 (x64),Version:24.09;Name:7-Zip 21.00 alpha (x64),Version:21.00 alpha;Name:7-Zip 19.00 (x64),Version:19.00;Name:7-Zip 24.01 (x64),Version:24.01;Name:7-Zip,Version:24.09;Name:7-Zip,Version:24.08;Name:7-Zip,Version:25.00;Name:7-Zip 23.00 (x64 edition),Version:23.00.00.0;Name:7-Zip 16.02 (x64),Version:16.02;Name:7-Zip 24.09 (arm64),Version:24.09;Name:7-Zip,Version:19;Name:7-Zip,Version:21.07;Name:7-Zip 21.01 alpha (x64),Version:21.01 alpha;Name:7-Zip,Version:23.01;Name:7-Zip,Version:22.01;Name:7-Zip 21.03 beta (x64),Version:21.03 beta","CVE-2016-2334,CVE-2016-2335,CVE-2016-7804,CVE-2017-17969,CVE-2018-10115,CVE-2018-10172,CVE-2018-5996,CVE-2022-29072,CVE-2022-47111,CVE-2022-47112,CVE-2023-40481,CVE-2024-11477,CVE-2024-11612,CVE-2025-0411,CVE-2025-11001,CVE-2025-11002,CVE-2025-53816,CVE-2025-53817,CVE-2025-55188","","https://www.7-zip.org/a/7z2600-x64.exe"
"eb3a9df4e2a64236821152573a69d412","Igor Pavlov","7-Zip 19.00 (x64)","24.07","Software","File",,,"","https://www.7-zip.org/download.html"
"ed7152b2e8ee4de5ae200b2d3b16c3cd","Google LLC","Google Chrome","148.0.7730.0","Software","File","Name:Google Chrome,Version:101.0.4951.54;Name:Google Chrome,Version:114.0.5735.199;Name:Google Chrome,Version:107.0.5304.88;Name:Google Chrome,Version:132.0.6834.160;Name:Google Chrome,Version:131.0.6778.86;Name:Google Chrome,Version:133.0.6943.127;Name:Google Chrome,Version:133.0.6943.99;Name:Google Chrome,Version:136.0.7103.114;Name:Google Chrome,Version:143.0.7499.170;Name:Google Chrome,Version:142.0.7444.135;Name:Google Chrome,Version:115.0.5790.110;Name:Google Chrome,Version:144.0.7559.59;Name:Google Chrome,Version:134.0.6998.89;Name:Google Chrome,Version:142.0.7444.176;Name:Google Chrome,Version:132.0.6834.197;Name:Google Chrome,Version:137.0.7151.104;Name:Google Chrome,Version:124.0.6367.63;Name:Google Chrome,Version:136.0.7103.93;Name:Google Chrome,Version:140.0.7339.81;Name:Google Chrome,Version:106.0.5249.62;Name:Google Chrome,Version:108.0.5359.125;Name:Google Chrome,Version:140.0.7339.129;Name:Google Chrome,Version:138.0.7204.184;Name:Google Chrome,Version:145.0.7632.68;Name:Google Chrome,Version:144.0.7559.110;Name:Google Chrome,Version:136.0.7103.116;Name:Google Chrome,Version:145.0.7632.110;Name:Google Chrome,Version:118.0.5993.70;Name:Google Chrome,Version:144.0.7559.133;Name:Google Chrome,Version:119.0.6045.160;Name:Google Chrome,Version:141.0.7390.123;Name:Google Chrome,Version:139.0.7258.128;Name:Google Chrome,Version:114.0.5735.248;Name:Google Chrome,Version:141.0.7390.107;Name:Google Chrome,Version:110.0.5481.178;Name:Google Chrome,Version:144.0.7559.132;Name:Google Chrome,Version:115.0.5790.171;Name:Google Chrome,Version:143.0.7499.110;Name:Google Chrome,Version:143.0.7499.193;Name:Google Chrome,Version:118.0.5993.89;Name:Google Chrome,Version:115.0.5790.170;Name:Google Chrome,Version:131.0.6778.109;Name:Google Chrome,Version:80.0.3987.122;Name:Google Chrome,Version:137.0.7151.69;Name:Google Chrome,Version:145.0.7632.45;Name:Google Chrome,Version:140.0.7339.208;Name:Google Chrome,Version:129.0.6668.60;Name:Google Chrome,Version:145.0.7632.77;Name:Google Chrome,Version:139.0.7258.155;Name:Google Chrome,Version:133.0.6943.98;Name:Google Chrome,Version:136.0.7103.92;Name:Google Chrome,Version:137.0.7151.103;Name:Google Chrome,Version:135.0.7049.96;Name:Google Chrome,Version:144.0.7559.97;Name:Google Chrome,Version:103.0.5060.33;Name:Google Chrome,Version:114.0.5735.134;Name:Google Chrome,Version:144.0.7559.60;Name:Google Chrome,Version:109.0.5414.75;Name:Google Chrome,Version:132.0.6834.110;Name:Google Chrome,Version:103.0.5060.53;Name:Google Chrome,Version:104.0.5112.101;Name:Google Chrome,Version:131.0.6778.266;Name:Google Chrome,Version:111.0.5563.147;Name:Google Chrome,Version:138.0.7204.97;Name:Google Chrome,Version:145.0.7632.76;Name:Google Chrome,Version:134.0.6998.36;Name:Google Chrome,Version:135.0.7049.115;Name:Google Chrome,Version:115.0.5790.102;Name:Google Chrome,Version:92.0.4515.131;Name:Google Chrome,Version:142.0.7444.177;Name:Google Chrome,Version:144.0.7559.112;Name:Google Chrome,Version:115.0.5790.111;Name:Google Chrome,Version:145.0.7632.111;Name:Google Chrome,Version:143.0.7499.41","CVE-2019-8075,CVE-2020-15959,CVE-2020-15960,CVE-2020-15961,CVE-2020-15962,CVE-2020-15963,CVE-2020-15964,CVE-2020-15965,CVE-2020-15966,CVE-2020-15967,CVE-2020-15968,CVE-2020-15969,CVE-2020-15970,CVE-2020-15971,CVE-2020-15972,CVE-2020-15973,CVE-2020-15974,CVE-2020-15975,CVE-2020-15979,CVE-2020-15981,CVE-2020-15982,CVE-2020-15983,CVE-2020-15985,CVE-2020-15986,CVE-2020-15987,CVE-2020-15988,CVE-2020-15989,CVE-2020-15990,CVE-2020-15991,CVE-2020-15992,CVE-2020-15999,CVE-2020-16000,CVE-2020-16001,CVE-2020-16002,CVE-2020-16003,CVE-2020-16004,CVE-2020-16005,CVE-2020-16006,CVE-2020-16007,CVE-2020-16008,CVE-2020-16009,CVE-2020-16011,CVE-2020-16012,CVE-2020-16013,CVE-2020-16014,CVE-2020-16015,CVE-2020-16016,CVE-2020-16017,CVE-2020-16018,CVE-2020-16022,CVE-2020-16023,CVE-2020-16025,CVE-2020-16026,CVE-2020-16027,CVE-2020-16028,CVE-2020-16029,CVE-2020-16030,CVE-2020-16031,CVE-2020-16032,CVE-2020-16033,CVE-2020-16034,CVE-2020-16036,CVE-2020-16037,CVE-2020-16039,CVE-2020-16040,CVE-2020-16041,CVE-2020-16042,CVE-2020-16043,CVE-2020-16044,CVE-2020-36765,CVE-2020-6419,CVE-2020-6420,CVE-2020-6422,CVE-2020-6423,CVE-2020-6424,CVE-2020-6425,CVE-2020-6426,CVE-2020-6427,CVE-2020-6428,CVE-2020-6429,CVE-2020-6430,CVE-2020-6431,CVE-2020-6432,CVE-2020-6433,CVE-2020-6434,CVE-2020-6435,CVE-2020-6436,CVE-2020-6437,CVE-2020-6438,CVE-2020-6439,CVE-2020-6440,CVE-2020-6441,CVE-2020-6442,CVE-2020-6443,CVE-2020-6444,CVE-2020-6445,CVE-2020-6446,CVE-2020-6447,CVE-2020-6448,CVE-2020-6449,CVE-2020-6450,CVE-2020-6451,CVE-2020-6452,CVE-2020-6453,CVE-2020-6454,CVE-2020-6455,CVE-2020-6456,CVE-2020-6457,CVE-2020-6458,CVE-2020-6459,CVE-2020-6460,CVE-2020-6461,CVE-2020-6462,CVE-2020-6463,CVE-2020-6464,CVE-2020-6465,CVE-2020-6466,CVE-2020-6467,CVE-2020-6468,CVE-2020-6469,CVE-2020-6470,CVE-2020-6471,CVE-2020-6472,CVE-2020-6473,CVE-2020-6474,CVE-2020-6475,CVE-2020-6476,CVE-2020-6478,CVE-2020-6479,CVE-2020-6480,CVE-2020-6481,CVE-2020-6482,CVE-2020-6483,CVE-2020-6484,CVE-2020-6486,CVE-2020-6487,CVE-2020-6488,CVE-2020-6489,CVE-2020-6490,CVE-2020-6491,CVE-2020-6492,CVE-2020-6493,CVE-2020-6495,CVE-2020-6505,CVE-2020-6507,CVE-2020-6509,CVE-2020-6510,CVE-2020-6511,CVE-2020-6512,CVE-2020-6513,CVE-2020-6514,CVE-2020-6515,CVE-2020-6516,CVE-2020-6517,CVE-2020-6518,CVE-2020-6519,CVE-2020-6520,CVE-2020-6521,CVE-2020-6522,CVE-2020-6523,CVE-2020-6524,CVE-2020-6525,CVE-2020-6526,CVE-2020-6527,CVE-2020-6529,CVE-2020-6530,CVE-2020-6531,CVE-2020-6532,CVE-2020-6533,CVE-2020-6534,CVE-2020-6535,CVE-2020-6536,CVE-2020-6537,CVE-2020-6538,CVE-2020-6539,CVE-2020-6540,CVE-2020-6541,CVE-2020-6542,CVE-2020-6543,CVE-2020-6544,CVE-2020-6545,CVE-2020-6546,CVE-2020-6547,CVE-2020-6548,CVE-2020-6549,CVE-2020-6550,CVE-2020-6551,CVE-2020-6552,CVE-2020-6554,CVE-2020-6555,CVE-2020-6556,CVE-2020-6557,CVE-2020-6559,CVE-2020-6560,CVE-2020-6561,CVE-2020-6562,CVE-2020-6564,CVE-2020-6566,CVE-2020-6567,CVE-2020-6569,CVE-2020-6570,CVE-2020-6571,CVE-2020-6572,CVE-2020-6573,CVE-2020-6575,CVE-2020-6576,CVE-2021-21106,CVE-2021-21108,CVE-2021-21109,CVE-2021-21110,CVE-2021-21111,CVE-2021-21112,CVE-2021-21113,CVE-2021-21114,CVE-2021-21115,CVE-2021-21116,CVE-2021-21117,CVE-2021-21118,CVE-2021-21119,CVE-2021-21120,CVE-2021-21121,CVE-2021-21122,CVE-2021-21123,CVE-2021-21124,CVE-2021-21125,CVE-2021-21126,CVE-2021-21127,CVE-2021-21128,CVE-2021-21129,CVE-2021-21130,CVE-2021-21131,CVE-2021-21132,CVE-2021-21133,CVE-2021-21135,CVE-2021-21137,CVE-2021-21138,CVE-2021-21139,CVE-2021-21140,CVE-2021-21141,CVE-2021-21143,CVE-2021-21144,CVE-2021-21145,CVE-2021-21146,CVE-2021-21147,CVE-2021-21148,CVE-2021-21150,CVE-2021-21151,CVE-2021-21154,CVE-2021-21155,CVE-2021-21156,CVE-2021-21159,CVE-2021-21160,CVE-2021-21161,CVE-2021-21162,CVE-2021-21165,CVE-2021-21166,CVE-2021-21167,CVE-2021-21168,CVE-2021-21169,CVE-2021-21170,CVE-2021-21172,CVE-2021-21173,CVE-2021-21174,CVE-2021-21175,CVE-2021-21176,CVE-2021-21177,CVE-2021-21178,CVE-2021-21180,CVE-2021-21181,CVE-2021-21182,CVE-2021-21183,CVE-2021-21184,CVE-2021-21185,CVE-2021-21187,CVE-2021-21188,CVE-2021-21189,CVE-2021-21190,CVE-2021-21191,CVE-2021-21192,CVE-2021-21193,CVE-2021-21194,CVE-2021-21195,CVE-2021-21196,CVE-2021-21197,CVE-2021-21198,CVE-2021-21199,CVE-2021-21200,CVE-2021-21201,CVE-2021-21202,CVE-2021-21203,CVE-2021-21206,CVE-2021-21207,CVE-2021-21208,CVE-2021-21209,CVE-2021-21210,CVE-2021-21212,CVE-2021-21213,CVE-2021-21214,CVE-2021-21215,CVE-2021-21216,CVE-2021-21217,CVE-2021-21218,CVE-2021-21219,CVE-2021-21220,CVE-2021-21221,CVE-2021-21222,CVE-2021-21223,CVE-2021-21224,CVE-2021-21225,CVE-2021-21226,CVE-2021-21227,CVE-2021-21228,CVE-2021-21230,CVE-2021-21231,CVE-2021-21232,CVE-2021-21233,CVE-2021-30508,CVE-2021-30509,CVE-2021-30510,CVE-2021-30511,CVE-2021-30512,CVE-2021-30513,CVE-2021-30514,CVE-2021-30515,CVE-2021-30516,CVE-2021-30517,CVE-2021-30518,CVE-2021-30519,CVE-2021-30520,CVE-2021-30522,CVE-2021-30523,CVE-2021-30524,CVE-2021-30525,CVE-2021-30526,CVE-2021-30527,CVE-2021-30529,CVE-2021-30530,CVE-2021-30531,CVE-2021-30532,CVE-2021-30533,CVE-2021-30534,CVE-2021-30535,CVE-2021-30536,CVE-2021-30537,CVE-2021-30538,CVE-2021-30539,CVE-2021-30540,CVE-2021-30541,CVE-2021-30542,CVE-2021-30543,CVE-2021-30544,CVE-2021-30545,CVE-2021-30546,CVE-2021-30547,CVE-2021-30548,CVE-2021-30549,CVE-2021-30550,CVE-2021-30551,CVE-2021-30552,CVE-2021-30553,CVE-2021-30554,CVE-2021-30555,CVE-2021-30556,CVE-2021-30557,CVE-2021-30558,CVE-2021-30559,CVE-2021-30560,CVE-2021-30561,CVE-2021-30562,CVE-2021-30563,CVE-2021-30564,CVE-2021-30566,CVE-2021-30567,CVE-2021-30568,CVE-2021-30569,CVE-2021-30571,CVE-2021-30572,CVE-2021-30573,CVE-2021-30574,CVE-2021-30575,CVE-2021-30576,CVE-2021-30577,CVE-2021-30578,CVE-2021-30579,CVE-2021-30580,CVE-2021-30581,CVE-2021-30582,CVE-2021-30584,CVE-2021-30585,CVE-2021-30586,CVE-2021-30587,CVE-2021-30588,CVE-2021-30589,CVE-2021-30590,CVE-2021-30591,CVE-2021-30592,CVE-2021-30593,CVE-2021-30594,CVE-2021-30597,CVE-2021-30598,CVE-2021-30599,CVE-2021-30600,CVE-2021-30601,CVE-2021-30602,CVE-2021-30603,CVE-2021-30604,CVE-2021-30625,CVE-2021-30626,CVE-2021-30627,CVE-2021-30628,CVE-2021-30629,CVE-2021-30630,CVE-2021-30632,CVE-2021-30633,CVE-2021-37956,CVE-2021-37957,CVE-2021-37958,CVE-2021-37959,CVE-2021-37961,CVE-2021-37962,CVE-2021-37963,CVE-2021-37965,CVE-2021-37967,CVE-2021-37968,CVE-2021-37969,CVE-2021-37970,CVE-2021-37971,CVE-2021-37972,CVE-2021-37973,CVE-2021-37974,CVE-2021-37975,CVE-2021-37976,CVE-2021-37977,CVE-2021-37978,CVE-2021-37979,CVE-2021-37980,CVE-2021-37981,CVE-2021-37982,CVE-2021-37983,CVE-2021-37984,CVE-2021-37985,CVE-2021-37986,CVE-2021-37987,CVE-2021-37988,CVE-2021-37989,CVE-2021-37990,CVE-2021-37991,CVE-2021-37992,CVE-2021-37993,CVE-2021-37994,CVE-2021-37995,CVE-2021-37996,CVE-2021-37997,CVE-2021-37998,CVE-2021-37999,CVE-2021-38001,CVE-2021-38002,CVE-2021-38003,CVE-2021-38004,CVE-2021-38005,CVE-2021-38006,CVE-2021-38007,CVE-2021-38008,CVE-2021-38009,CVE-2021-38010,CVE-2021-38011,CVE-2021-38012,CVE-2021-38014,CVE-2021-38015,CVE-2021-38016,CVE-2021-38017,CVE-2021-38018,CVE-2021-38019,CVE-2021-38021,CVE-2021-38022,CVE-2021-38023,CVE-2021-4052,CVE-2021-4053,CVE-2021-4054,CVE-2021-4055,CVE-2021-4056,CVE-2021-4057,CVE-2021-4058,CVE-2021-4059,CVE-2021-4061,CVE-2021-4062,CVE-2021-4063,CVE-2021-4064,CVE-2021-4065,CVE-2021-4066,CVE-2021-4067,CVE-2021-4068,CVE-2021-4078,CVE-2021-4079,CVE-2021-4098,CVE-2021-4099,CVE-2021-4100,CVE-2021-4101,CVE-2021-4102,CVE-2021-4316,CVE-2021-4317,CVE-2021-4318,CVE-2021-4319,CVE-2021-4320,CVE-2021-4321,CVE-2021-4322,CVE-2021-4323,CVE-2021-4324,CVE-2022-0096,CVE-2022-0097,CVE-2022-0098,CVE-2022-0099,CVE-2022-0100,CVE-2022-0101,CVE-2022-0102,CVE-2022-0103,CVE-2022-0104,CVE-2022-0105,CVE-2022-0106,CVE-2022-0108,CVE-2022-0109,CVE-2022-0110,CVE-2022-0111,CVE-2022-0112,CVE-2022-0113,CVE-2022-0114,CVE-2022-0115,CVE-2022-0116,CVE-2022-0117,CVE-2022-0118,CVE-2022-0120,CVE-2022-0289,CVE-2022-0290,CVE-2022-0291,CVE-2022-0292,CVE-2022-0293,CVE-2022-0294,CVE-2022-0295,CVE-2022-0296,CVE-2022-0297,CVE-2022-0298,CVE-2022-0301,CVE-2022-0302,CVE-2022-0304,CVE-2022-0305,CVE-2022-0306,CVE-2022-0307,CVE-2022-0309,CVE-2022-0310,CVE-2022-0311,CVE-2022-0337,CVE-2022-0452,CVE-2022-0453,CVE-2022-0454,CVE-2022-0456,CVE-2022-0457,CVE-2022-0458,CVE-2022-0459,CVE-2022-0460,CVE-2022-0461,CVE-2022-0462,CVE-2022-0463,CVE-2022-0464,CVE-2022-0465,CVE-2022-0466,CVE-2022-0467,CVE-2022-0468,CVE-2022-0469,CVE-2022-0470,CVE-2022-0604,CVE-2022-0605,CVE-2022-0606,CVE-2022-0607,CVE-2022-0608,CVE-2022-0609,CVE-2022-0610,CVE-2022-0789,CVE-2022-0790,CVE-2022-0791,CVE-2022-0792,CVE-2022-0793,CVE-2022-0794,CVE-2022-0795,CVE-2022-0796,CVE-2022-0797,CVE-2022-0798,CVE-2022-0799,CVE-2022-0800,CVE-2022-0801,CVE-2022-0802,CVE-2022-0803,CVE-2022-0804,CVE-2022-0805,CVE-2022-0806,CVE-2022-0807,CVE-2022-0808,CVE-2022-0809,CVE-2022-0973,CVE-2022-0974,CVE-2022-0975,CVE-2022-0976,CVE-2022-0977,CVE-2022-0978,CVE-2022-0979,CVE-2022-0980,CVE-2022-1096,CVE-2022-1125,CVE-2022-1127,CVE-2022-1128,CVE-2022-1131,CVE-2022-1133,CVE-2022-1134,CVE-2022-1135,CVE-2022-1136,CVE-2022-1137,CVE-2022-1138,CVE-2022-1139,CVE-2022-1141,CVE-2022-1142,CVE-2022-1143,CVE-2022-1144,CVE-2022-1145,CVE-2022-1146,CVE-2022-1232,CVE-2022-1305,CVE-2022-1306,CVE-2022-1308,CVE-2022-1309,CVE-2022-1310,CVE-2022-1312,CVE-2022-1313,CVE-2022-1314,CVE-2022-1364,CVE-2022-1477,CVE-2022-1478,CVE-2022-1479,CVE-2022-1482,CVE-2022-1483,CVE-2022-1484,CVE-2022-1485,CVE-2022-1486,CVE-2022-1487,CVE-2022-1488,CVE-2022-1490,CVE-2022-1491,CVE-2022-1492,CVE-2022-1493,CVE-2022-1494,CVE-2022-1496,CVE-2022-1497,CVE-2022-1498,CVE-2022-1499,CVE-2022-1500,CVE-2022-1501,CVE-2022-1638,CVE-2022-1639,CVE-2022-1640,CVE-2022-1853,CVE-2022-1854,CVE-2022-1855,CVE-2022-1856,CVE-2022-1857,CVE-2022-1858,CVE-2022-1859,CVE-2022-1860,CVE-2022-1861,CVE-2022-1862,CVE-2022-1863,CVE-2022-1864,CVE-2022-1865,CVE-2022-1866,CVE-2022-1867,CVE-2022-1868,CVE-2022-1869,CVE-2022-1870,CVE-2022-1871,CVE-2022-1872,CVE-2022-1873,CVE-2022-1875,CVE-2022-1876,CVE-2022-1919,CVE-2022-2007,CVE-2022-2008,CVE-2022-2010,CVE-2022-2011,CVE-2022-2156,CVE-2022-2157,CVE-2022-2158,CVE-2022-2160,CVE-2022-2161,CVE-2022-2162,CVE-2022-2163,CVE-2022-2164,CVE-2022-2165,CVE-2022-2294,CVE-2022-2295,CVE-2022-2399,CVE-2022-2415,CVE-2022-2477,CVE-2022-2478,CVE-2022-2480,CVE-2022-2481,CVE-2022-2603,CVE-2022-2604,CVE-2022-2605,CVE-2022-2606,CVE-2022-2610,CVE-2022-2612,CVE-2022-2614,CVE-2022-2615,CVE-2022-2616,CVE-2022-2617,CVE-2022-2618,CVE-2022-2619,CVE-2022-2621,CVE-2022-2622,CVE-2022-2624,CVE-2022-2743,CVE-2022-2852,CVE-2022-2854,CVE-2022-2855,CVE-2022-2856,CVE-2022-2857,CVE-2022-2858,CVE-2022-2859,CVE-2022-2860,CVE-2022-2861,CVE-2022-2998,CVE-2022-3038,CVE-2022-3039,CVE-2022-3040,CVE-2022-3041,CVE-2022-3044,CVE-2022-3045,CVE-2022-3046,CVE-2022-3047,CVE-2022-3054,CVE-2022-3055,CVE-2022-3056,CVE-2022-3057,CVE-2022-3058,CVE-2022-3075,CVE-2022-3195,CVE-2022-3196,CVE-2022-3197,CVE-2022-3198,CVE-2022-3199,CVE-2022-3200,CVE-2022-3304,CVE-2022-3307,CVE-2022-3308,CVE-2022-3311,CVE-2022-3312,CVE-2022-3313,CVE-2022-3314,CVE-2022-3315,CVE-2022-3316,CVE-2022-3370,CVE-2022-3373,CVE-2022-3443,CVE-2022-3444,CVE-2022-3445,CVE-2022-3446,CVE-2022-3448,CVE-2022-3449,CVE-2022-3450,CVE-2022-3652,CVE-2022-3653,CVE-2022-3654,CVE-2022-3655,CVE-2022-3656,CVE-2022-3657,CVE-2022-3661,CVE-2022-3723,CVE-2022-3842,CVE-2022-3863,CVE-2022-3885,CVE-2022-3886,CVE-2022-3887,CVE-2022-3888,CVE-2022-3889,CVE-2022-4025,CVE-2022-4135,CVE-2022-4174,CVE-2022-4175,CVE-2022-4177,CVE-2022-4178,CVE-2022-4179,CVE-2022-4180,CVE-2022-4181,CVE-2022-4182,CVE-2022-4183,CVE-2022-4184,CVE-2022-4186,CVE-2022-4187,CVE-2022-4189,CVE-2022-4190,CVE-2022-4191,CVE-2022-4192,CVE-2022-4193,CVE-2022-4194,CVE-2022-4195,CVE-2022-4262,CVE-2022-4436,CVE-2022-4437,CVE-2022-4438,CVE-2022-4439,CVE-2022-4440,CVE-2022-4452,CVE-2022-4906,CVE-2022-4907,CVE-2022-4908,CVE-2022-4909,CVE-2022-4910,CVE-2022-4911,CVE-2022-4912,CVE-2022-4913,CVE-2022-4914,CVE-2022-4915,CVE-2022-4916,CVE-2022-4918,CVE-2022-4919,CVE-2022-4920,CVE-2022-4921,CVE-2022-4922,CVE-2022-4923,CVE-2022-4924,CVE-2022-4925,CVE-2022-4955,CVE-2023-0129,CVE-2023-0131,CVE-2023-0132,CVE-2023-0134,CVE-2023-0135,CVE-2023-0138,CVE-2023-0139,CVE-2023-0140,CVE-2023-0141,CVE-2023-0471,CVE-2023-0472,CVE-2023-0473,CVE-2023-0474,CVE-2023-0696,CVE-2023-0698,CVE-2023-0699,CVE-2023-0700,CVE-2023-0701,CVE-2023-0702,CVE-2023-0703,CVE-2023-0704,CVE-2023-0705,CVE-2023-0928,CVE-2023-0929,CVE-2023-0930,CVE-2023-0931,CVE-2023-0932,CVE-2023-0933,CVE-2023-0941,CVE-2023-1213,CVE-2023-1214,CVE-2023-1215,CVE-2023-1216,CVE-2023-1217,CVE-2023-1218,CVE-2023-1219,CVE-2023-1220,CVE-2023-1221,CVE-2023-1222,CVE-2023-1224,CVE-2023-1226,CVE-2023-1229,CVE-2023-1232,CVE-2023-1233,CVE-2023-1235,CVE-2023-1236,CVE-2023-1528,CVE-2023-1529,CVE-2023-1530,CVE-2023-1531,CVE-2023-1532,CVE-2023-1533,CVE-2023-1534,CVE-2023-1810,CVE-2023-1811,CVE-2023-1812,CVE-2023-1813,CVE-2023-1814,CVE-2023-1815,CVE-2023-1816,CVE-2023-1817,CVE-2023-1818,CVE-2023-1819,CVE-2023-1820,CVE-2023-1821,CVE-2023-1822,CVE-2023-1823,CVE-2023-2033,CVE-2023-2133,CVE-2023-2134,CVE-2023-2135,CVE-2023-2136,CVE-2023-2137,CVE-2023-2311,CVE-2023-2313,CVE-2023-2314,CVE-2023-2459,CVE-2023-2460,CVE-2023-2462,CVE-2023-2464,CVE-2023-2465,CVE-2023-2466,CVE-2023-2468,CVE-2023-2721,CVE-2023-2723,CVE-2023-2724,CVE-2023-2725,CVE-2023-2726,CVE-2023-2929,CVE-2023-2930,CVE-2023-2931,CVE-2023-2932,CVE-2023-2933,CVE-2023-2934,CVE-2023-2935,CVE-2023-2936,CVE-2023-2937,CVE-2023-2938,CVE-2023-2939,CVE-2023-2940,CVE-2023-2941,CVE-2023-3079,CVE-2023-3214,CVE-2023-3215,CVE-2023-3216,CVE-2023-3217,CVE-2023-3420,CVE-2023-3421,CVE-2023-3422,CVE-2023-3598,CVE-2023-3727,CVE-2023-3728,CVE-2023-3730,CVE-2023-3732,CVE-2023-3733,CVE-2023-3734,CVE-2023-3735,CVE-2023-3737,CVE-2023-3738,CVE-2023-3740,CVE-2023-4068,CVE-2023-4069,CVE-2023-4070,CVE-2023-4071,CVE-2023-4072,CVE-2023-4074,CVE-2023-4075,CVE-2023-4076,CVE-2023-4077,CVE-2023-4078,CVE-2023-4349,CVE-2023-4351,CVE-2023-4352,CVE-2023-4353,CVE-2023-4354,CVE-2023-4355,CVE-2023-4356,CVE-2023-4357,CVE-2023-4358,CVE-2023-4360,CVE-2023-4362,CVE-2023-4364,CVE-2023-4365,CVE-2023-4366,CVE-2023-4367,CVE-2023-4368,CVE-2023-4427,CVE-2023-4428,CVE-2023-4429,CVE-2023-4430,CVE-2023-4431,CVE-2023-4572,CVE-2023-4761,CVE-2023-4762,CVE-2023-4763,CVE-2023-4764,CVE-2023-4860,CVE-2023-4863,CVE-2023-4901,CVE-2023-4902,CVE-2023-4904,CVE-2023-4905,CVE-2023-4906,CVE-2023-4908,CVE-2023-4909,CVE-2023-5186,CVE-2023-5187,CVE-2023-5217,CVE-2023-5218,CVE-2023-5346,CVE-2023-5472,CVE-2023-5473,CVE-2023-5474,CVE-2023-5475,CVE-2023-5476,CVE-2023-5477,CVE-2023-5478,CVE-2023-5479,CVE-2023-5480,CVE-2023-5481,CVE-2023-5482,CVE-2023-5483,CVE-2023-5484,CVE-2023-5485,CVE-2023-5486,CVE-2023-5487,CVE-2023-5849,CVE-2023-5850,CVE-2023-5851,CVE-2023-5852,CVE-2023-5853,CVE-2023-5854,CVE-2023-5855,CVE-2023-5856,CVE-2023-5857,CVE-2023-5858,CVE-2023-5859,CVE-2023-5996,CVE-2023-5997,CVE-2023-6112,CVE-2023-6345,CVE-2023-6346,CVE-2023-6347,CVE-2023-6348,CVE-2023-6350,CVE-2023-6351,CVE-2023-6508,CVE-2023-6509,CVE-2023-6510,CVE-2023-6511,CVE-2023-6512,CVE-2023-6702,CVE-2023-6703,CVE-2023-6704,CVE-2023-6705,CVE-2023-6706,CVE-2023-6707,CVE-2023-7010,CVE-2023-7011,CVE-2023-7012,CVE-2023-7013,CVE-2023-7024,CVE-2023-7281,CVE-2023-7282,CVE-2024-0222,CVE-2024-0223,CVE-2024-0224,CVE-2024-0225,CVE-2024-0333,CVE-2024-0517,CVE-2024-0518,CVE-2024-0519,CVE-2024-0804,CVE-2024-0805,CVE-2024-0806,CVE-2024-0807,CVE-2024-0808,CVE-2024-0809,CVE-2024-0810,CVE-2024-0811,CVE-2024-0812,CVE-2024-0813,CVE-2024-0814,CVE-2024-10229,CVE-2024-10230,CVE-2024-10231,CVE-2024-10487,CVE-2024-10488,CVE-2024-1059,CVE-2024-1060,CVE-2024-1077,CVE-2024-10827,CVE-2024-11110,CVE-2024-11111,CVE-2024-11112,CVE-2024-11113,CVE-2024-11114,CVE-2024-11116,CVE-2024-11117,CVE-2024-11395,CVE-2024-12053,CVE-2024-12381,CVE-2024-12382,CVE-2024-12692,CVE-2024-12693,CVE-2024-12694,CVE-2024-12695,CVE-2024-1283,CVE-2024-1284,CVE-2024-13178,CVE-2024-1669,CVE-2024-1670,CVE-2024-1671,CVE-2024-1672,CVE-2024-1673,CVE-2024-1674,CVE-2024-1675,CVE-2024-1676,CVE-2024-1938,CVE-2024-1939,CVE-2024-2173,CVE-2024-2174,CVE-2024-2176,CVE-2024-2400,CVE-2024-2625,CVE-2024-2626,CVE-2024-2627,CVE-2024-2628,CVE-2024-2629,CVE-2024-2630,CVE-2024-2631,CVE-2024-2883,CVE-2024-2884,CVE-2024-2885,CVE-2024-2886,CVE-2024-2887,CVE-2024-3156,CVE-2024-3157,CVE-2024-3158,CVE-2024-3159,CVE-2024-3168,CVE-2024-3169,CVE-2024-3170,CVE-2024-3171,CVE-2024-3172,CVE-2024-3173,CVE-2024-3174,CVE-2024-3175,CVE-2024-3176,CVE-2024-3515,CVE-2024-3516,CVE-2024-3832,CVE-2024-3833,CVE-2024-3834,CVE-2024-3837,CVE-2024-3838,CVE-2024-3839,CVE-2024-3840,CVE-2024-3841,CVE-2024-3843,CVE-2024-3844,CVE-2024-3845,CVE-2024-3846,CVE-2024-3847,CVE-2024-3914,CVE-2024-4058,CVE-2024-4059,CVE-2024-4060,CVE-2024-4331,CVE-2024-4368,CVE-2024-4558,CVE-2024-4559,CVE-2024-4671,CVE-2024-4761,CVE-2024-4947,CVE-2024-4948,CVE-2024-4949,CVE-2024-4950,CVE-2024-5157,CVE-2024-5158,CVE-2024-5159,CVE-2024-5160,CVE-2024-5274,CVE-2024-5494,CVE-2024-5495,CVE-2024-5496,CVE-2024-5497,CVE-2024-5498,CVE-2024-5499,CVE-2024-5500,CVE-2024-5830,CVE-2024-5831,CVE-2024-5832,CVE-2024-5833,CVE-2024-5834,CVE-2024-5835,CVE-2024-5836,CVE-2024-5837,CVE-2024-5838,CVE-2024-5839,CVE-2024-5840,CVE-2024-5841,CVE-2024-5842,CVE-2024-5843,CVE-2024-5844,CVE-2024-5845,CVE-2024-5846,CVE-2024-5847,CVE-2024-6100,CVE-2024-6101,CVE-2024-6102,CVE-2024-6103,CVE-2024-6290,CVE-2024-6291,CVE-2024-6292,CVE-2024-6293,CVE-2024-6772,CVE-2024-6774,CVE-2024-6775,CVE-2024-6776,CVE-2024-6777,CVE-2024-6778,CVE-2024-6779,CVE-2024-6989,CVE-2024-6990,CVE-2024-6991,CVE-2024-6994,CVE-2024-6996,CVE-2024-6997,CVE-2024-6998,CVE-2024-6999,CVE-2024-7000,CVE-2024-7001,CVE-2024-7003,CVE-2024-7004,CVE-2024-7005,CVE-2024-7017,CVE-2024-7018,CVE-2024-7019,CVE-2024-7020,CVE-2024-7021,CVE-2024-7022,CVE-2024-7023,CVE-2024-7024,CVE-2024-7025,CVE-2024-7255,CVE-2024-7532,CVE-2024-7534,CVE-2024-7535,CVE-2024-7536,CVE-2024-7550,CVE-2024-7965,CVE-2024-7966,CVE-2024-7967,CVE-2024-7968,CVE-2024-7969,CVE-2024-7970,CVE-2024-7971,CVE-2024-7972,CVE-2024-7973,CVE-2024-7974,CVE-2024-7975,CVE-2024-7976,CVE-2024-7977,CVE-2024-7978,CVE-2024-7979,CVE-2024-7980,CVE-2024-7981,CVE-2024-8033,CVE-2024-8035,CVE-2024-8193,CVE-2024-8194,CVE-2024-8198,CVE-2024-8362,CVE-2024-8636,CVE-2024-8638,CVE-2024-8904,CVE-2024-8905,CVE-2024-8906,CVE-2024-8908,CVE-2024-9120,CVE-2024-9121,CVE-2024-9122,CVE-2024-9123,CVE-2024-9369,CVE-2024-9602,CVE-2024-9603,CVE-2024-9859,CVE-2024-9954,CVE-2024-9955,CVE-2024-9958,CVE-2024-9959,CVE-2024-9960,CVE-2024-9962,CVE-2024-9963,CVE-2024-9964,CVE-2024-9965,CVE-2024-9966,CVE-2025-0291,CVE-2025-0434,CVE-2025-0436,CVE-2025-0437,CVE-2025-0438,CVE-2025-0439,CVE-2025-0440,CVE-2025-0441,CVE-2025-0442,CVE-2025-0443,CVE-2025-0444,CVE-2025-0445,CVE-2025-0446,CVE-2025-0447,CVE-2025-0448,CVE-2025-0451,CVE-2025-0611,CVE-2025-0612,CVE-2025-0762,CVE-2025-0995,CVE-2025-0996,CVE-2025-0997,CVE-2025-0999,CVE-2025-1006,CVE-2025-10200,CVE-2025-10500,CVE-2025-10501,CVE-2025-10502,CVE-2025-10585,CVE-2025-10890,CVE-2025-10891,CVE-2025-10892,CVE-2025-11205,CVE-2025-11206,CVE-2025-11207,CVE-2025-11208,CVE-2025-11210,CVE-2025-11211,CVE-2025-11212,CVE-2025-11215,CVE-2025-11219,CVE-2025-11458,CVE-2025-11460,CVE-2025-11756,CVE-2025-12036,CVE-2025-12428,CVE-2025-12429,CVE-2025-12430,CVE-2025-12431,CVE-2025-12432,CVE-2025-12433,CVE-2025-12434,CVE-2025-12436,CVE-2025-12437,CVE-2025-12439,CVE-2025-12440,CVE-2025-12441,CVE-2025-12443,CVE-2025-12444,CVE-2025-12445,CVE-2025-12446,CVE-2025-12725,CVE-2025-12726,CVE-2025-12727,CVE-2025-12728,CVE-2025-12905,CVE-2025-12906,CVE-2025-12907,CVE-2025-12909,CVE-2025-12910,CVE-2025-12911,CVE-2025-13042,CVE-2025-13097,CVE-2025-13107,CVE-2025-13223,CVE-2025-13224,CVE-2025-13226,CVE-2025-13227,CVE-2025-13228,CVE-2025-13229,CVE-2025-13230,CVE-2025-13630,CVE-2025-13631,CVE-2025-13632,CVE-2025-13633,CVE-2025-13634,CVE-2025-13635,CVE-2025-13636,CVE-2025-13637,CVE-2025-13638,CVE-2025-13639,CVE-2025-13640,CVE-2025-13720,CVE-2025-13721,CVE-2025-13992,CVE-2025-14174,CVE-2025-1426,CVE-2025-14372,CVE-2025-14373,CVE-2025-14765,CVE-2025-14766,CVE-2025-1914,CVE-2025-1915,CVE-2025-1916,CVE-2025-1918,CVE-2025-1919,CVE-2025-1920,CVE-2025-1921,CVE-2025-1923,CVE-2025-2135,CVE-2025-2136,CVE-2025-2137,CVE-2025-2476,CVE-2025-2783,CVE-2025-3066,CVE-2025-3068,CVE-2025-3069,CVE-2025-3070,CVE-2025-3071,CVE-2025-3072,CVE-2025-3073,CVE-2025-3074,CVE-2025-3619,CVE-2025-3620,CVE-2025-4050,CVE-2025-4051,CVE-2025-4052,CVE-2025-4096,CVE-2025-4372,CVE-2025-4609,CVE-2025-4664,CVE-2025-5063,CVE-2025-5064,CVE-2025-5065,CVE-2025-5066,CVE-2025-5067,CVE-2025-5068,CVE-2025-5280,CVE-2025-5281,CVE-2025-5283,CVE-2025-5419,CVE-2025-5958,CVE-2025-5959,CVE-2025-6191,CVE-2025-6192,CVE-2025-6554,CVE-2025-6555,CVE-2025-6556,CVE-2025-6557,CVE-2025-6558,CVE-2025-7656,CVE-2025-7657,CVE-2025-8010,CVE-2025-8011,CVE-2025-8292,CVE-2025-8576,CVE-2025-8577,CVE-2025-8578,CVE-2025-8579,CVE-2025-8580,CVE-2025-8581,CVE-2025-8582,CVE-2025-8583,CVE-2025-8879,CVE-2025-8880,CVE-2025-8881,CVE-2025-8882,CVE-2025-8901,CVE-2025-9132,CVE-2025-9478,CVE-2025-9479,CVE-2025-9866,CVE-2026-0628,CVE-2026-0899,CVE-2026-0900,CVE-2026-0901,CVE-2026-0902,CVE-2026-0903,CVE-2026-0904,CVE-2026-0905,CVE-2026-0906,CVE-2026-0907,CVE-2026-0908,CVE-2026-1504,CVE-2026-1861,CVE-2026-1862,CVE-2026-2313,CVE-2026-2314,CVE-2026-2315,CVE-2026-2316,CVE-2026-2317,CVE-2026-2318,CVE-2026-2319,CVE-2026-2320,CVE-2026-2321,CVE-2026-2322,CVE-2026-2323,CVE-2026-2441,CVE-2026-2648,CVE-2026-2649,CVE-2026-2650,CVE-2026-3061,CVE-2026-3062,CVE-2026-3063,CVE-2026-3536,CVE-2026-3538,CVE-2026-3539,CVE-2026-3540,CVE-2026-3541,CVE-2026-3542,CVE-2026-3543,CVE-2026-3544,CVE-2026-3545,CVE-2026-3909,CVE-2026-3910,CVE-2026-3913,CVE-2026-3914,CVE-2026-3915,CVE-2026-3916,CVE-2026-3917,CVE-2026-3918,CVE-2026-3919,CVE-2026-3920,CVE-2026-3921,CVE-2026-3922,CVE-2026-3923,CVE-2026-3924,CVE-2026-3925,CVE-2026-3926,CVE-2026-3927,CVE-2026-3928,CVE-2026-3929,CVE-2026-3930,CVE-2026-3931,CVE-2026-3932,CVE-2026-3934,CVE-2026-3935,CVE-2026-3936,CVE-2026-3937,CVE-2026-3938,CVE-2026-3939,CVE-2026-3940,CVE-2026-3941,CVE-2026-3942,CVE-2026-4439,CVE-2026-4440,CVE-2026-4441,CVE-2026-4442,CVE-2026-4443,CVE-2026-4444,CVE-2026-4445,CVE-2026-4446,CVE-2026-4447,CVE-2026-4448,CVE-2026-4449,CVE-2026-4450,CVE-2026-4451,CVE-2026-4452,CVE-2026-4454,CVE-2026-4455,CVE-2026-4456,CVE-2026-4457,CVE-2026-4458,CVE-2026-4459,CVE-2026-4460,CVE-2026-4461,CVE-2026-4462,CVE-2026-4463,CVE-2026-4464,CVE-2026-4673,CVE-2026-4674,CVE-2026-4675,CVE-2026-4676,CVE-2026-4677,CVE-2026-4678,CVE-2026-4679,CVE-2026-4680","","https://www.google.com/intl/en-US/chrome/"
"f54f7970bf344621b59f2783299b7d37","McAfee, LLC","WebAdvisor 由 McAfee 提供","","Software","Solution",,"CVE-2022-0815","",""
"f7675ace1b1a4d329dfdaabcf54ab2b4","Microsoft Corporation","Microsoft Edge","","Software","Solution","Name:Microsoft Edge,Version:148.0.3967.96;Name:Microsoft Edge,Version:148.0.3967.70;Name:Microsoft Edge,Version:149.0.4022.52;Name:Microsoft Edge,Version:148.0.3967.83","CVE-2026-45488,CVE-2026-45489,CVE-2026-50521,CVE-2026-55945,CVE-2026-56645,CVE-2026-56646,CVE-2026-57974,CVE-2026-57975,CVE-2026-57977,CVE-2026-57981,CVE-2026-57983,CVE-2026-57984,CVE-2026-57985,CVE-2026-57986,CVE-2026-57987,CVE-2026-57988,CVE-2026-57991,CVE-2026-57992,CVE-2026-57993,CVE-2026-58276,CVE-2026-58278,CVE-2026-58282,CVE-2026-58283,CVE-2026-58284,CVE-2026-58285,CVE-2026-58286,CVE-2026-58287,CVE-2026-58288,CVE-2026-58289,CVE-2026-58290,CVE-2026-58291,CVE-2026-58292,CVE-2026-58293,CVE-2026-58294,CVE-2026-58295,CVE-2026-58298,CVE-2026-58524,CVE-2026-58525,CVE-2026-58597","",""
